Player,Current Team,Shot Team,Month,Year,Opponent,Opp. GK,Foot,Run up speed,Kick speed,X,Y,Result
Anthony Velarde,,Pittsburgh Riverhounds,9,2020,Hartford Athletic,None,Left,Fast,Fast,9,0,Goal
Anthony Velarde,,Pittsburgh Riverhounds,9,2020,Loudoun United,None,Left,Fast,Medium,3,0,Goal
Jesus Partida,,"University of Nevada, Las Vegas",11,2021,Dixie State,None,Left,Medium,Medium,2,0,Goal
Jesus Partida,,"University of Nevada, Las Vegas",10,2021,Chicago State,None,Left,Medium,Fast,6,2,Goal
Jesus Partida,,"University of Nevada, Las Vegas",9,2021,UC Irvine,None,Left,Medium,Medium,9,1,Goal
Jesus Partida,,"University of Nevada, Las Vegas",4,2021,University of Seattle,None,Left,Medium,Medium,2,0,Goal
Diego Casillas,,LA Force,9,2021,Chattanooga Red Wolves,None,Right,,,,,Goal
Cherif Dieye,,New York Red Bulls II,8,2020,Loudoun United,None,Right,Medium,Fast,2,0,Save
Jose Carrera,,Chattanooga Red Wolves,8,2022,Charlotte Independence,None,Right,Medium,Slow,6,1,Save
Jose Carrera,,Chattanooga Red Wolves,10,2021,North Carolina FC,None,Right,Medium,Medium,3,0,Save
Jose Carrera,,Las Vegas Lights,7,2020,San Diego Loyal,None,Right,Medium,Medium,4,0,Save
Villyan Bijev,,Central Valley Fuego,8,2022,Union Omaha,None,Right,Fast,Medium,2,0,Save
Villyan Bijev,,OKC Energy,8,2021,Atlanta United II,None,Right,Fast,Medium,2,0,Goal
Villyan Bijev,,OKC Energy,8,2021,Louisville City,None,Right,Fast,Medium,2,0,Goal
Villyan Bijev,,OKC Energy,6,2021,Sporting Kansas City II,None,Right,Fast,Fast,9,0,Goal
Villyan Bijev,,OKC Energy,6,2021,Birmingham Legion,None,Right,Fast,Medium,9,0,Goal
Villyan Bijev,,Sacramento Republic,8,2020,Reno 1868,None,Right,Fast,Fast,9,0,Goal
Villyan Bijev,,Portland Timbers II,8,2017,Colorado Springs,None,Right,Fast,Fast,4,2,Save
Villyan Bijev,,Portland Timbers II,7,2017,Orange County SC,None,Right,Fast,Medium,2,0,Goal
Villyan Bijev,,Portland Timbers II,6,2017,OKC Energy,None,Right,Fast,Medium,8,0,Goal
Villyan Bijev,,Portland Timbers II,4,2017,Sacramento Republic,None,Right,Fast,Slow,8,2,Goal
Villyan Bijev,,Portland Timbers II,4,2017,Seattle Sounders II,None,Right,Fast,Fast,3,1,Save
Villyan Bijev,,Portland Timbers II,9,2016,OKC Energy,None,Right,Medium,Slow,7,3,Goal
Villyan Bijev,,Portland Timbers II,5,2016,Seattle Sounders II,None,Right,Medium,Medium,10,0,Miss
Villyan Bijev,,Liverpool U21,8,2013,Southampton U21,None,Right,Medium,Medium,9,1,Goal
Matthew Mahoney,,Bethlehem Steel,10,2018,Pittsburgh Riverhounds,None,Medium,Medium,Medium,8,1,Goal
Oskar Agren,,San Jose Earthquakes,5,2022,Seattle Sounders,None,Right,Medium,Medium,8,0,Goal
Oskar Agren,,San Jose Earthquakes II,4,2022,Tacoma Defiance,None,Right,Medium,Fast,9,0,Goal
Oskar Agren,,Clemson Tigers,12,2021,Notre Dame Fighting Irish,None,Right,Medium,Medium,2,0,Goal
Oskar Agren,,Clemson Tigers,12,2021,Oregon State Beavers,None,Right,Medium,Medium,7,0,Goal
Oskar Agren,,Clemson Tigers,11,2021,Denver Pioneers,None,Right,Medium,Medium,5,0,Goal
Oskar Agren,,Clemson Tigers,10,2021,FIU Panthers,None,Right,Medium,Fast,9,0,Goal
Oskar Agren,,Clemson Tigers,5,2021,Marshall Thundering Herd,None,Right,Medium,Medium,8,1,Goal
Oskar Agren,,Clemson Tigers,3,2021,Syracuse Orange,None,Right,Slow,Medium,3,0,Save
Drew Skundrich,,Bethlehem Steel,10,2018,Pittsburgh Riverhounds,None,Right,Fast,Fast,9,0,Goal
Deshane Beckford,,Colorado Springs Switchbacks,8,2021,Rio Grande Valley,None,Right,Medium,Medium,7,0,Save
Zach Zandi,,Colorado Springs Switchbacks,3,2023,San Antonio FC,None,Right,Slow,Fast,8,0,Save
Maalique Foster,,Colorado Springs Switchbacks,4,2023,Pittsburgh Riverhounds,None,Right,Slow,Slow,4,0,Save
Maalique Foster,,Sacramento Republic,10,2022,LA Galaxy II,None,Right,Medium,Medium,1,0,Miss
Maalique Foster,,Sacramento Republic,7,2022,Sporting Kansas City,None,Right,Medium,Slow,5,1,Goal
Maalique Foster,,Rio Grande Valley,3,2019,Fresno FC,None,Right,Medium,Medium,10,0,Miss
Devon Williams,,Miami FC,8,2021,Hartford Athletic,None,Right,Fast,Fast,8,0,Save
Devon Williams,,Miami FC,8,2021,Pittsburgh Riverhounds,None,Right,Fast,Fast,3,0,Goal
Devon Williams,,Louisville City,9,2017,Pittsburgh Riverhounds,None,Right,MFast,Fast,3,0,Goal
James Musa,,Swope Park Rangers,11,2017,OKC Energy,None,Left,Medium,Fast,3,2,Goal
Jairo Henriquez,,Colorado Springs Switchbacks,6,2023,Orange County SC,None,Right,Medium,Fast,2,0,Goal
Jairo Henriquez,,Colorado Springs Switchbacks,7,2022,Charleston Battery,None,Right,Slow,Fast,2,0,Goal
Jairo Henriquez,,Aguila,5,2022,Alianza,None,Right,Slow,Fast,2,2,Goal
Romario Williams,,Colorado Springs Switchbacks,5,2023,El Paso Locomotive,None,Right,Medium,Fast,9,0,Goal
Romario Williams,,Miami FC,10,2020,Atlanta United II,None,Right,Slow,Fast,2,2,Goal
Romario Williams,,Miami FC,8,2020,Charlotte Independence,None,Right,Medium,Medium,3,1,Save
Romario Williams,,Miami FC,3,2020,Saint Louis FC,None,Right,Medium,Medium,2,0,Goal
Aaron Wheeler,,Harrisburg City Islanders,3,2017,Richmond Kickers,None,Right,Medium,Fast,4,0,Save
Romario Williams,,Colorado Springs Switchbacks,7,2023,Monterey Bay FC,Carlos Herrera,Right,Medium,Fast,8,0,Goal
Rhys Williams,,Detroit City,5,2022,Louisville City,None,Right,Medium,Medium,8,0,Save
Stephen Carroll,,Detroit City,5,2022,Louisville City,None,Right,Medium,Fast,7,3,Miss
Maxi Rodriguez,,Detroit City,6,2023,Hartford Athletic,None,Right,Medium,Medium,2,0,Save
Maxi Rodriguez,,Detroit City,7,2022,New Mexico United,None,Right,Medium,Medium,2,0,Goal
Maxi Rodriguez,,Detroit City,5,2022,Louisville City,None,Right,Medium,Medium,9,0,Goal
Maxi Rodriguez,,Detroit City,5,2022,Louisville City,None,Right,Medium,Medium,8,1,Goal
Maxi Rodriguez,,Detroit City,4,2022,Columbus Crew,None,Right,Medium ,Fast,2,0,Goal
Maxi Rodriguez,,Detroit City,3,2022,Pittsburgh Riverhounds,None,Right,Medium,Medium,2,0,Goal
Abdoulaye Diop,,Atlanta United II,10,2021,Memphis 901,None,Right,Medium,Fast,2,1,Goal
Andrew Billhardt,,South Georgia Tormenta,9,2022,Richmond Kickers,None,Left,Medium,Fast,8,0,Goal
Andrew Billhardt,,USF Bulls,11,2019,SMU Mustangs,None,Left,Medium,Fast,9,0,Goal
Andrew Billhardt,,USF Bulls,11,2019,Cincinnati Bearcats University,None,Left,Medium,Medium,2,0,Goal
Dario Suarez,,FC Tulsa,5,2023,Detroit City,None,Right,Medium,Medium,6,0,Goal
Dario Suarez,,FC Tulsa,10,2022,Indy Eleven,None,Right,Medium,Fast,5,0,Goal
Dario Suarez,,FC Tulsa,8,2022,Hartford Athletic,None,Right,Medium,Fast,2,1,Goal
Dario Suarez,,FC Tulsa,9,2021,Sporting Kansas City II,None,Right,Medium,Fast,2,0,Goal
Dario Suarez,,FC Tulsa,9,2021,Birmingham Legion,None,Right,Medium,Fast,2,2,Goal
Dario Suarez,,FC Tulsa,9,2021,Indy Eleven,None,Right,Medium,Fast,6,0,Goal
Dario Suarez,,FC Tulsa,6,2021,Sporting Kansas City II,None,Right,Medium,Fast,5,0,Goal
Eder Borelli,El Paso Locomotive,El Paso Locomotive,10,2020,New Mexico United,None,Left,Medium,Fast,2,0,Goal
Denys Kostyshyn,,Kolos Kovalivka,4,2021,Olimpik Donetsk,None,Left,Fast,Fast,6,1,Goal
Denys Kostyshyn,,Kolos Kovalivka,12,2020,Nyva Vinnytsya,None,Left,Fast,Medium,9,0,Goal
Josue Gomez,,El Paso Locomotive,6,2022,Phoenix Rising,None,Left,Medium,Fast,2,0,Goal
Josue Gomez,,El Paso Locomotive,4,2022,Oakland Roots,None,Left,Medium,Fast,1,0,Miss
Josue Gomez,,El Paso Locomotive,4,2022,Monterey Bay FC,None,Left,Medium,Fast,2,1,Goal
Josue Gomez,,El Paso Locomotive,10,2020,Phoenix Rising,None,Left,Medium,Medium,1,3,Miss
Josue Gomez,,El Paso Locomotive,9,2020,San Antonio FC,None,Left,Medium,Medium,2,0,Goal
Josue Gomez,,El Paso Locomotive,7,2020,New Mexico United,None,Left,Medium,Fast,2,0,Goal
Josue Gomez,,Juarez,3,2017,Queretaro,None,Left,Fast,Fast,2,0,Goal
Luis Solignac,,El Paso Locomotive,6,2023,Las Vegas Lights,None,Right,Medium,Fast,8,2,Goal
Luis Solignac,,El Paso Locomotive,6,2023,Las Vegas Lights,None,Right,Medium,Medium,3,0,Save
Luis Solignac,,El Paso Locomotive,8,2022,Monterey Bay FC,None,Right,Medium,Medium,5,3,Miss
Luis Solignac,,El Paso Locomotive,5,2022,Pittsburgh Riverhounds,None,Right,Fast,Medium,3,0,Save
Luis Solignac,,El Paso Locomotive,5,2022,Loudoun United,None,Right,Medium,Fast,9,0,Goal
Luis Solignac,,El Paso Locomotive,7,2021,San Antonio FC,None,Right,Medium,Medium,9,0,Goal
Luis Solignac,,San Antonio FC,9,2020,El Paso Locomotive,None,Right,Fast,Slow,4,2,Goal
Luis Solignac,,San Antonio FC,8,2020,FC Tulsa,None,Right,Medium,Fast,2,0,Goal
Adam Armour,,Crown Legacy FC,3,2023,Huntsville City,None,Left,Medium,Medium,6,3,Miss
Chase Bromstedt,,Tulsa Hurricane University,4,2021,Temple Owls University,None,Left,Medium,Medium,9,1,Goal
Bradley Bourgeois,,FC Tulsa,10,2020,El Paso Locomotive,None,Right,Medium,Medium,3,1,Goal
Justin Malou,,Clemson Tigers,12,2021,Notre Dame,None,Right,Medium,Fast,9,0,Goal
Justin Malou,,Clemson Tigers,12,2021,Oregon State Beavers,None,Right,Medium,Medium,9,0,Goal
Roger Bonet,,Inter Turku,10,2022,VPS,None,Left,Medium,Medium,9,0,Save
Roger Bonet,,Inter Turku,6,2022,HJK,None,Left,Medium,Medium,9,2,Goal
Roger Bonet,,Inter Turku,6,2022,Lahti,None,Left,Medium,Medium,9,0,Goal
Jorge Corrales,,Chicago Fire,6,2018,Columbus Crew,None,Left,Medium,Medium,8,0,Goal
Blaine Ferri,,North Texas,4,2022,Colorado Rapids II,None,Left,Medium,Fast,2,2,Goal
Eric Bird,,Rio Grande Valley,7,2017,Real Monarchs,None,Right,Medium,Medium,6,0,Save
Eric Bird,,Rio Grande Valley,6,2017,Reno 1868,None,Right,Medium,Fast,8,0,Goal
Moses Dyer,,Valour FC,7,2022,Atletico Ottawa,None,Right,Fast,Medium,8,0,Goal
Moses Dyer,,Valour FC,4,2022,Atletico Ottawa,None,Right,Medium,Fast,9,2,Goal
Moses Dyer,,Valour FC,4,2022,Pacific FC,None,Right,Fast,Fast,2,1,Goal
Moses Dyer,,Valour FC,10,2021,Edmonton,None,Right,Medium,Medium,2,0,Goal
Moses Dyer,,Valour FC,7,2021,Atletico Ottawa,None,Right,Medium,Medium,7,0,Goal
Moses Dyer,,Valour FC,7,2021,Atletico Ottawa,None,Right,Medium,Medium,2,0,Goal
Moses Dyer,,Valour FC,6,2021,Forge,None,Right,Medium,Medium,9,1,Goal
Moses Dyer,,Eastern Suburbs,1,2017,Hawke's Bay United,None,Right,Medium,Medium,2,0,Goal
Moses Dyer,,New Zealand,6,2016,Papau New Guinea,None,Right,Medium,Medium,2,0,Goal
Collin Fernandez,,Sporting Kansas City II,5,2022,North Texas,None,Left,Medium,Medium,9,0,Save
Collin Fernandez,,Sporting Kansas City II,4,2022,Houston Dynamo II,None,Left,Medium,Medium,6,2,Save
Collin Fernandez,,Sporting Kansas City II,3,2022,Colorado Rapids II,None,Left,Medium,Slow,5,2,Goal
Phillip Goodrum,,Memphis 901,4,2023,Atlanta United,None,Right,Medium,Fast,8,0,Goal
Phillip Goodrum,,Memphis 901,3,2022,Pittsburgh Riverhounds,None,Right,Medium,Medium,4,0,Save
Phillip Goodrum,,Atlanta United II,8,2020,Tampa Bay Rowdies,None,Right,Medium,Fast,2,0,Goal
Milo Yosef,,Marshall Thundering Herd,11,2022,Virginia Cavaliers,None,Right,Medium,Medium,8,0,Goal
Marcus Epps,,New York Red Bulls II,7,2019,Atlanta United II,None,Right,Medium,Medium,3,0,Goal
Richard Sanchez,,Chicago Fire,6,2018,Columbus Crew,None,Right,Slow,Medium,9,0,Goal
Kaveh Rad,,Sporting Kansas City II,5,2022,Vancouver Whitecaps II,None,Right,Medium,Slow,8,0,Goal
Ash Apollon,,Long An,4,2017,Sai Gon,None,Left,Slow,Fast,4,0,Save
Andre Lewis,,Hartford Athletic,10,2022,Charleston Battery,None,Right,Medium,Fast,9,2,Goal
Kyle Edwards,,Houston Dynamo II,9,2022,Tacoma Defiance,None,Right,Slow,Fast,3,1,Goal
Kyle Edwards,,Houston Dynamo II,10,2022,Minnesota United II,None,Right,Slow,Medium,3,0,Goal
Kyle Edwards,,Houston Dynamo II,7,2022,North Texas,None,Right,Slow,Medium,2,0,Goal
Kyle Edwards,,Houston Dynamo II,7,2022,Real Monarchs,None,Right,Slow,Medium,3,1,Goal
Danny Barrera,,Hartford Athletic,10,2021,New Mexico United,None,Left,Fast,Medium,9,0,Goal
Danny Barrera,,Hartford Athletic,8,2021,Pittsburgh Riverhounds,None,Left,Fast,Medium,2,0,Goal
Danny Barrera,,Hartford Athletic,8,2021,Charleston Battery,None,Left,Medium,Fast,2,0,Goal
Antoine Hoppenot,,Detroit City,5,2022,Louisville City,None,Right,Medium,Fast,9,1,Goal
Antoine Hoppenot,,Reno 1868,10,2017,Real Monarchs,None,Right,Medium,Fast,3,1,Save
Antoine Hoppenot,,Reno 1869,8,2017,Swope Park Rangers,None,Right ,Medium,Fast,3,1,Goal
Antoine Hoppenot,,Reno 1870,7,2017,LA Galaxy II,None,Right,Medium,Fast,3,1,Goal
Jeciel Cedeno,,New York Red Bulls II,5,2019,Motown,None,Left,Medium,Medum,2,0,Goal
Elvis Amoh,,Colorado Springs Switchbacks,10,2022,Sacramento Republic,None,Right,Slow,Medium,7,0,Save
Elvis Amoh,,Rio Grande Valley,11,2021,San Antonio FC,None,Right,Slow,Medium,2,2,Goal
Elvis Amoh,,Rio Grande Valley,11,2021,Phoenix Rising,None,Right ,Slow,Medium,8,0,Goal
Elvis Amoh,,Rio Grande Valley,11,2021,Phoenix Rising,None,Right,Slow,Medium,3,1,Goal
Elvis Amoh,,Rio Grande Valley,9,2021,Loudoun United,None,Right,Medium,Medium,2,0,Goal
Elvis Amoh,,Loudoun United,8,2020,New York Red Bulls II,None,Right,Slow,Medium,2,0,Goal
Elvis Amoh,,Loudoun United,8,2020,Hartford Athletic,None,Right,Slow,Medium,7,0,Goal
Elvis Amoh,,Loudoun United,7,2020,Hartford Athletic,None,Right,Slow,Medium,7,2,Goal
Kyle Edwards,,Saint Vincent & the Grenadines,3,2023,Nicaragua,None,Right,Medium,Medium,2,0,Goal
Tyler Bagley,,Cornell Big Red,10,2021,Brown Bears,None,Right,Medium,Fast,2,1,Goal
Tyler Bagley,,Cornell Big Red,9,2021,UC Santa Barbara Gauchos,None,Right,Medium,Fast,2,0,Goal
Jacob Bushue,,Jaro,5,2022,MP,None,Right,Medium,Medium,4,0,Save
Justin Ingram,,Loyola Greyhounds,11,2021,North Carolina Heels,None,Right,Medium,Medium,4,3,Miss
Justin Ingram,,Loyola Greyhounds,10,2021,Navy Midshipmen,None,Right,Medium,Medium,8,0,Goal
Justin Ingram,,Loyola Greyhounds,10,2021,American Eagles,None,Right,Medium,Medium,3,0,Save
Justin Ingram,,Loyola Greyhounds,10,2021,American Eagles,None,Right,Medium,Fast,9,0,Goal
Justin Ingram,,Loyola Greyhounds,10,2021,Lafayette Leopards,None,Right,Medium,Medium,9,0,Goal
Justin Ingram,,Loyola Greyhounds,9,2021,Lehigh Mountain Hawks,None,Right,Medium,Medium,2,0,Goal
Justin Ingram,,Loyola Greyhounds,4,2021,American Eagles,None,Right,Medium,Medium,9,0,Goal
Justin Ingram,,Loyola Greyhounds,4,2021,Navy Midshipmen,None,Right,Medium,Medium,2,0,Goal
Justin Ingram,,Loyola Greyhounds,3,2021,American Eagles,None,Right,Medium,Fast,3,3,Miss
Daniel Rios,,Houston Dynamo II,9,2022,Tacoma Defiance,None,Right,Medium,Fast,2,2,Goal
Issa Rayyan,,Philadelphia Union II,10,2020,Hartford Athletic,None,Right,Medium,Fast,4,0,Save
Pato Botello Faz,,Las Vegas Lights,5,2023,FC Tulsa,None,Right,Medium,Fast,3,1,Goal
Erick Torres,,Las Vegas Lights,5,2023,Charleston Battery,Trey Muse,Right,Medium,Fast,6,1,Save
Erick Torres,,Orange County SC,6,2022,New Mexico United,Alex Tambakis,Right,Medium,Fast,4,0,Save
Erick Torres,,Orange County SC,6,2022,Oakland Roots,None,Right,Medium,Fast,5,1,Goal
Erick Torres,,Orange County SC,4,2022,Sacramento Republic,None,Right,Medium,Fast,5,1,Goal
Erick Torres,,Tijuana,2,2020,Morelia,None,Right,Medium,Medium,9,0,Goal
Erick Torres,,Tijuana U20,1,2020,Club America U20,None,Right,Medium,Medium,4,0,Save
Erick Torres,,Tijuana U20,8,2019,Toluca U20,None,Right,Medium,Fast,9,0,Goal
Erick Torres,,Tijuana U20,4,2019,Lobos BUAP U20,None,Right,Medium,Medium,8,3,Miss
Erick Torres,,Pumas UNAM,2,2018,Lobos BUAP  ,None,Right,Fast,Fast,2,0,Goal
Erick Torres,,Pumas UNAM,2,2018,Lobos BUAP,None,Right,Medium,Fast,3,1,Save
Erick Torres,,Chivas USA,10,2014,Real Salt Lake,None,Right,Medium,Medium,8,0,Save
Erick Torres,,Chivas USA,7,2014,DC United,None,Right,Medium,Medium,3,0,Goal
Erick Torres,,Chivas USA,5,2014,Houston Dynamo,None,Right,Medium,Medium,7,0,Goal
Erick Torres,,Chivas USA,4,2014,Seattle Sounders,None,Right,Fast,Medium,8,0,Goal
Erick Torres,,Chivas USA,3,2014,Chicago Fire  ,None,Right,Medium,Fast,9,0,Goal
Erick Torres,,Chivas USA,8,2013,New York Red Bulls ,None,Right,Fast,Fast,2,0,Goal
Andrew Carleton,,Las Vegas Lights,8,2023,Loudoun United,None,Right,Medium,Fast,3,1,Save
Andrew Carleton,,Las Vegas Lights,7,2023,Sacramento Republic,None,Right,Medium,Fast,2,1,Goal
Andrew Carleton,,San Diego Loyal,4,2022,Louisville City,None,Right,Medium,Fast,8,2,Goal
Andrew Carleton,,Atlanta United II,4,2018,Louisville City,None,Right,Medium,Fast,2,0,Goal
Andrew Carleton,,Atlanta United II,4,2018,,None,Right,Medium,Fast,4,3,Miss
Andrew Carleton,,USYNT U17,11,2016,Portugal U17,None,Right,Medium,Medium,2,2,Goal
Emmanuel Ledesma,,SJK,6,2021,KuPS,None,Left,Medium,Fast,7,1,Save
Emmanuel Ledesma,,SJK,9,2020,KTP,None,Left,Fast,Fast,7,0,Save
Emmanuel Ledesma,,SJK,9,2019,Haka,None,Left,Medium,Fast,7,0,Goal
Emmanuel Ledesma,,FC Cincinnatti,9,2019,Toronto FC,None,Left,Medium,Medium,9,1,Goal
Emmanuel Ledesma,,FC Cincinnatti,9,2019,FC Dallas,None,Left,Medium,Fast,9,0,Goal
Emmanuel Ledesma,,FC Cincinnatti,8,2019,New York City FC,None,Left,Medium,Medium,8,0,Save
Emmanuel Ledesma,,FC Cincinnatti,7,2019,DC United,None,Left,Medium,Medium,2,0,Goal
Emmanuel Ledesma,,FC Cincinnatti,8,2018,Tampa Bay Rowdies,None,Left,Medium,Fast,9,0,Goal
Emmanuel Ledesma,,FC Cincinnatti,8,2018,Tampa Bay Rowdies,None,Left,Medium,Medium,9,0,Goal
Emmanuel Ledesma,,FC Cincinnatti,5,2018,North Carolina FC,None,Left,Medium,Medium,9,0,Goal
Emmanuel Ledesma,,New York Cosmos,7,2017,Indy Eleven,None,Left,Medium,Fast,9,0,Goal
Denil Maldonado,,Honduras U22,8,2019,Mexico U22,None,Right,Medium,Fast,9,2,Goal
Sergi Palencia Hurtado,,FC Barcelona,7,2018,Tottenham Hotspur,None,Right,Slow,Medium,3,2,Goal
Sergi Palencia Hurtado,,FC Barcelona,3,2018,Espanyol,None,Right,Slow,Fast,3,2,Goal
Jeremi Rodriguez Borja,,Los Angeles FC II,3,2023,North Texas SC,None,Left,Slow,Medium,6,0,Save
Timothy Tillman,,Gruether Furth,12,2020,Hoffenheim,None,Right,Medium,Medium,2,1,Goal
Timothy Tillman,,Bayern Munich U19,5,2017,Borussia Dortmund,None,Right,Medium,Medium,6,0,Save
Erik Duenas,,Los Angeles FC II,4,2023,Vancouver Whitecaps II,None,Right,Medium,Medium,2,0,Save
Mateusz Bogusz,,UD Logrones,12,2020,Rayo Vallecano,None,Right,Medium,Fast,3,1,Goal
Nathan Ordaz,,Los Angeles FC II,4,2023,Vancouver Whitecaps II,None,Left,Medium,Medium,2,0,Goal
Yekenson Subah,,Real Monarchs,4,2022,Vancouver Whitecaps II,None,Right,Medium,Medium,7,3,Miss
Ladji Malle,,Los Angeles FC II,4,2023,Vancouver Whitecaps II,None,Left,Slow,Fast,7,0,Save
Dustin Aguirre Barreneche,,Los Angeles FC II,4,2023,Vancouver Whitecaps II,None,Right,Medium,Medium,3,0,Save
Bryce Washington,,Pittsburgh Panthers University,2,2021,Duquense Dukes,None,Right,Slow,Medium,2,0,Goal
Kwame Awuah,,St. Louis City II,4,2022,Louisville City,None,Left,Medium,Medium,3,0,Goal
Yanis Leerman,,UCF Knights University,11,2021,Memphis Tigers,None,Right,Medium,Fast,8,0,Goal
Yanis Leerman,,UCF Knights University,4,2021,SMU Mustangs,None,Right,Medium,Medium,8,2,Goal
Cole Turner,,Philadelphia Union II,8,2022,Inter Miami II,None,Right,Fast,Fast,5,2,Goal
Cole Turner,,Philadelphia Union II,4,2022,Chicago Fire II,None,Right,Medium,Fast,6,0,Goal
Cole Turner,,Philadelphia Union II,4,2022,Inter Miami II,None,Right,Medium,Fast,2,0,Goal
Aidan Rocha,,Georgetown Hoyas,10,2022,Xavier Musketeers,None,Right,Slow,Medium,4,0,Save
Aidan Rocha,,Georgetown Hoyas,10,2022,Providence Friars,None,Right,Slow,Fast,2,0,Goal
Aidan Rocha,,Georgetown Hoyas,12,2021,West Virginia Mountaineers,None,Right,Slow,Medium,9,0,Goal
Abdul Zanne,,Loudoun United,8,2022,Atlanta United II,None,Right,Slow,Slow,5,1,Save
Wesley Leggett,,St John's Red Storm,11,2022,Marquette Golden Eagles,None,Right,Medium,Medium,9,0,Goal
Tommy Williamson,,Loudoun United,5,2023,New Mexico United,None,Right,Fast,Fast,9,0,Goal
Tommy Williamson,,Minnesota United II,8,2022,Colorado Rapids II,None,Right,Medium,Fast,3,0,Goal
Tommy Williamson,,Minnesota United II,8,2022,Colorado Rapids II,None,Right,Medium,Fast,8,0,Goal
Tommy Williamson,,Minnesota United II,8,2022,Colorado Rapids II,None,Right,Medium,Fast,8,0,Goal
Tommy Williamson,,Minnesota United II,5,2022,Vancouver Whitecaps II,None,Right,Medium,Medium,2,1,Goal
Tommy Williamson,,Minnesota United II,5,2022,Vancouver Whitecaps II,None,Right,Medium,Slow,5,1,Goal
Zachary Ryan,,Loudoun United,4,2023,Oakland Roots,None,Right,Fast,Fast,2,0,Goal
Zachary Ryan,,Stanford Cardinal,10,2021,San Diego State Aztecs,None,Right,Fast,Fast,2,0,Goal
Zachary Ryan,,Stanford Cardinal,4,2021,San Diego State Aztecs,None,Right,Fast,Fast,8,0,Save
Zachary Ryan,,Stanford Cardinal,2,2021,Pacific Tigers,None,Right,Fast,Fast,2,0,Goal
Kalil Elmedkhar,,Loudoun United,5,2023,Columbus Crew,None,Right,Medium,Medium,8,0,Goal
Oliver Semmle,,Marshall,11,2022,Virginia,None,Right,Medium,Medium,2,0,Goal
Ramzi Qawasmy,,Providence,10,2022,Butler,None,Right,Fast,Fast,2,2,Goal
Ramzi Qawasmy,,Providence,10,2022,DePaul,None,Right,Fast,Medium,4,1,Goal
Ramzi Qawasmy,,Providence,9,2022,Siena,None,Right,Medium,Medium,2,0,Goal
Oscar Jimenez,,Louisville City,10,2022,Pittsburgh Riverhounds,None,Right,Medium,Medium,2,0,Goal
Oscar Jimenez,,Louisville City,11,2017,New York Red Bulls II,None,Right,Fast,Medium,9,0,Goal
Amadou Dia,,Phoenix Rising,10,2019,Austin Bold,None,Left,Medium,Medium,9,1,Goal
Amadou Dia,,Phoenix Rising,5,2019,New Mexico United,None,Left ,Medium,Medium,8,1,Save
Amadou Dia,,Phoenix Rising,5,2018,Sporting Arizona,None,Left,Medium,Medium,9,0,Goal
Amadou Dia,,Phoenix Rising,5,2018,Sporting Arizona,None,Left,Medium,Fast,8,0,Goal
Amadou Dia,,Phoenix Rising,10,2017,Swope Park Rangers,None,Left,Medium,Medium,8,0,Goal
Amadou Dia,,Sporting Kansas City,10,2015,Portland Timbers,None,Left,Medium,Fast,2,1,Goal
Paolo DelPiccolo,,Louisville City,11,2017,New York Red Bulls II,None,Left,Medium,Medium,2,0,Save
Dylan Mares,,Indy Eleven,6,2015,FC Edmonton,None,Right,Medium,Medium,2,0,Goal
Niall McCabe,,Louisville City,5,2022,Detroit City,None,Right,Medium,Fast,4,2,Goal
Niall McCabe,,Louisville City,4,2022,San Diego Loyal,None,Right,Medium,Medium,2,2,Goal
Niall McCabe,,Louisville City,6,2021,Birmingham Legion,None,Right,Medium,Medium,3,2,Goal
Niall McCabe,,Louisville City,6,2021,Atlanta United II,None,Right,Medium,Medium,3,0,Save
Brian Ownby,,Louisville City,8,2018,Indy Eleven,None,Right,Medium,Fast,4,1,Save
Brian Ownby,,Richmond Kickers,4,2015,New York Red Bulls II,None,Right,Medium,Medium,3,0,Goal
Sean Totsch,,Louisville City,10,2022,Pittsburgh Riverhounds,None,Right,Medium,Medium,2,0,Goal
Sean Totsch,,Louisville City,9,2022,Loudoun United,None,Right,Slow,Medium,9,0,Goal
Sean Totsch,,Louisville City,8,2022,Detroit City,None,Right,Slow,Medium,3,0,Goal
Sean Totsch,,Louisville City,7,2022,Birmingham Legion,None,Right,Slow,Medium,9,1,Goal
Sean Totsch,,Louisville City,6,2022,Orange County SC,None,Right,Slow,Medium,9,0,Goal
Sean Totsch,,Louisville City,5,2022,Detroit City,None,Right,Slow,Medium,3,2,Goal
Sean Totsch,,Louisville City,4,2022,Saint Louis City II,None,Right,Slow,Medium,3,1,Goal
Sean Totsch,,Louisville City,4,2022,San Diego Loyal,None,Right,Slow,Medium,3,1,Goal
Sean Totsch,,Louisville City,5,2019,Birmingham Legion,None,Right,Slow,Medium,3,0,Goal
Sean Totsch,,Louisville City,11,2017,New York Red Bulls II,None,Right,Medium,Medium,8,0,Goal
Jorge Gonzalez,,Louisville City,4,2022,Saint Louis City II,None,Right,Medium,Medium,1,0,Miss
Jorge Gonzalez,,Portland Timbers II,9,2020,Tacoma Defiance,None,Right,Medium,Fast,8,2,Goal
Tyler Gibson,,Louisville City,4,2022,Saint Louis City II,None,Right,Fast,Fast,3,1,Goal
Carlos Moguel,,Louisville City,10,2022,Pittsburgh Riverhounds,None,Right,Fast,Fast,9,0,Goal
Carlos Moguel,,Louisville City,4,2022,Saint Louis City II,None,Right,Fast,Medium,5,0,Goal
Ray Serrano,,Louisville City,4,2022,Saint Louis City II,None,Right,Fast,Fast,3,0,Goal
Wilson Harris,,Louisville City,6,2022,Orange County SC,None,Right,Medium,Medium,9,0,Goal
Wilson Harris,,Louisville City,5,2022,Detroit City,None,Right,Medium,Fast,7,2,Goal
Wilson Harris,,Louisville City,4,2022,Saint Louis City II,None,Right,Medium,Fast,3,0,Goal
Wilson Harris,,Sporting Kansas City II,8,2021,Memphis 901,None,Right,Medium,Medium,6,0,Goal
Wilson Harris,,Sporting Kansas City II,9,2020,Saint Louis  ,None,Right,Fast,Fast,9,1,Goal
Wilson Harris,,Swope Park Rangers,10,2019,Hartford Athletic,None,Right,Fast,Fast,3,0,Save
Wilson Harris,,Swope Park Rangers,9,2019,Loudoun United,None,Right,Medium,Fast,2,0,Goal
Wilson Harris,,Swope Park Rangers,9,2019,Memphis 901,None,Right,Fast,Fast,9,0,Goal
Cameron Lancaster,,Louisville City,10,2022,Pittsburgh Riverhounds,None,Right,Fast,Fast,2,0,Goal
Cameron Lancaster,,Louisville City,10,2022,Hartford Athletic,None,Right,Fast,Fast,2,0,Goal
Cameron Lancaster,,Louisville City,5,2022,FC Tulsa,None,Right,Slow,Medium,3,0,Goal
Cameron Lancaster,,Louisville City,11,2021,Charlotte Independence,None,Right,Slow,Medium,7,2,Goal
Cameron Lancaster,,Louisville City,10,2021,Memphis 901,None,Right,Fast,Fast,9,0,Goal
Cameron Lancaster,,Louisville City,10,2021,Sporting Kansas City II,None,Right,Fast,Fast,2,0,Goal
Cameron Lancaster,,Louisville City,8,2021,OKC Energy,None,Right,Medium,Medium,9,0,Goal
Cameron Lancaster,,Louisville City,6,2021,FC Tulsa,None,Right,Medium,Medium,9,2,Goal
Cameron Lancaster,,Louisville City,6,2021,Memphis 901,None,Right,Medium,Medium,9,0,Goal
Cameron Lancaster,,Louisville City,5,2021,San Diego Loyal,None,Right,Fast,Fast,3,0,Save
Cameron Lancaster,,Louisville City,10,2018,Indy Eleven,None,Right,Slow,Medium,8,0,Goal
Cameron Lancaster,,Louisville City,8,2018,Charlotte Independence,None,Right,Medium,Fast,9,1,Goal
Cameron Lancaster,,Louisville City,10,2016,New York Red Bulls II,None,Right,Fast,Fast,3,1,Save
Cameron Lancaster,,Louisville City,5,2016,Saint Louis ,None,Right,Fast,Fast,9,0,Goal
Adrian Zendejas,,Swope Park Rangers,11,2017,OKC Energy,None,Right,Medium,Medium,3,0,Goal
Florian Valot,,New York Red Bulls II,11,2017,Louisville City,None,Right,Medium,Medium,7,0,Goal
Florian Valot,,New York Red Bulls II,10,2017,Louisville City,None,Right,Medium,Medium,6,1,Goal
Benjamin Mines,,Orange County SC,11,2021,San Antonio FC,None,Right,Medium,Medium,8,0,Goal
Benjamin Mines,,New York Red Bulls II,11,2017,Louisville City,None,Right,Medium,Fast,7,1,Save
Joaquin Rivas,El Paso Locomotive,Miami FC,10,2023,Charleston Battery,None,Left,Medium,Medium,9,0,Goal
Joaquin Rivas,El Paso Locomotive,Miami FC,9,2023,Louisville City,None,Left,Medium,Medium,9,0,Goal
Joaquin Rivas,El Paso Locomotive,Miami FC,8,2023,Hartford Athletic,None,Left,Medium,Fast,4,0,Goal
Joaquin Rivas,El Paso Locomotive,Miami FC,8,2023,El Paso Locomotive,None,Left,Medium,Medium,9,0,Goal
Joaquin Rivas,El Paso Locomotive,FC Tulsa,3,2022,Birmingham Legion,None,Left,Medium,Fast,9,1,Goal
Joaquin Rivas,El Paso Locomotive,FC Tulsa,10,2021,Memphis 901,None,Left,Medium,Fast,8,3,Miss
Joaquin Rivas,El Paso Locomotive,FC Tulsa,5,2021,Indy Eleven,None,Left,Medium,Medium,9,2,Goal
Joaquin Rivas,El Paso Locomotive,Tulsa Roughnecks,9,2018,Seattle Sounders II,None,Left,Medium,Medium,8,0,Goal
Joaquin Rivas,El Paso Locomotive,Tulsa Roughnecks,7,2018,Las Vegas Lights,None,Left,Medium,Medium,8,2,Goal
Claudio Repetto,,Miami FC,4,2023,Las Vegas Lights,None,Right,Medium,Fast,9,0,Goal
Claudio Repetto,,Miami FC,4,2023,Jacksonville Armada II,None,Right,Medium,Fast,9,1,Goal
Claudio Repetto,,Charleston Battery,10,2021,Tampa Bay Rowdies,None,Right,Medium,Medium,2,0,Goal
Claudio Repetto,,Coastal Carolina Chanticleers,4,2021,UNCW Seahawks,None,Right,Medium,Medium,9,0,Goal
Kyle Murphy,,Miami FC,6,2023,Rio Grande Valley,None,Right,Medium,Fast,2,0,Goal
Kyle Murphy,,Miami FC,5,2023,Louisville City,None,Right,Medium,Medium,9,0,Goal
Kyle Murphy,,Miami FC,9,2022,New York Red Bulls II,None,Right,Medium,Fast,2,0,Goal
Kyle Murphy,,Miami FC,8,2022,Hartford Athletic,None,Right,Medium,Medium,9,0,Goal
Kyle Murphy,,Miami FC,4,2022,Miami United,None,Right,Medium,Fast,9,0,Goal
Kyle Murphy,,Memphis 901,10,2021,Sporting Kansas City II,None,Right,Medium,Fast,2,0,Goal
Kyle Murphy,,Memphis 901,9,2021,New York Red Bulls II,None,Right,Medium,Medium,9,0,Goal
Kyle Murphy,,Memphis 901,8,2021,Colorado Springs Switchbacks,None,Right,Medium,Medium,2,0,Goal
Kyle Murphy,,Loudoun United,10,2019,New York Red Bulls II,None,Right,Medium,Medium,2,0,Goal
Josh Suggs,,New Mexico United,5,2019,Phoenix Rising,None,Left,Medium,Medium,3,0,Save
Kalen Ryden,,New Mexico United,10,2020,El Paso Locomotive,None,Left,Medium,Fast,9,2,Goal
Amando Moreno,El Paso Locomotive,New Mexico United,8,2020,Colorado Springs,None,Right,Slow,Fast,3,0,Goal
Milo Garvanian,,North Carolina Tarheels,9,2022,Notre Dame,None,Left,Fast,Fast,9,0,Goal
Milo Garvanian,,University of North Carolina,8,2022,University of South Florida,None,Left,Fast,Medium,7,0,Goal
Milo Garvanian,,University of North Carolina,11,2021,Loyola Grayhounds,None,Left,Fast,Medium,8,0,Goal
Milo Garvanian,,University of North Carolina,11,2021,Syracuse Orange,None,Left,Medium,Medium,2,2,Goal
Milo Garvanian,,University of North Carolina,10,2021,Virginia Tech,None,Left,Fast,Fast,4,0,Save
Milo Garvanian,,University of North Carolina,10,2021,Loyala Marymount,None,Left,Fast,Fast,7,0,Goal
Milo Garvanian,,University of North Carolina,5,2021,University of Charlotte,None,Left,Fast,Fast,8,2,Goal
Santi Moar,,Phoenix Rising,11,2021,Rio Grande Valley,None,Right,Medium,Medium,9,1,Goal
Santi Moar,,Phoenix Rising,9,2021,Tacoma Defiance,None,Right,Slow,Fast,2,0,Goal
Santi Moar,,Phoenix Rising,8,2021,Las Vegas Lights,None,Right,Slow,Medium,2,0,Goal
Santi Moar,,Phoenix Rising,10,2021,El Paso Locomotive,None,Right,Medium,Medium,2,0,Goal
Santi Moar,,New Mexico United,6,2019,Colorado Rapids,None,Right,Medium,Fast,9,0,Goal
Santi Moar,,New Mexico United,5,2019,Phoenix Rising,None,Right,Medium,Medium,2,2,Goal
Santi Moar,,Bethlehem Steel,10,2018,Pittsburgh Riverhounds,None,Right,Medium,Fast,4,2,Goal
Santi Moar,,Bethlehem Steel,8,2018,Ottawa Fury,None,Right,Fast,Fast,2,0,Goal
Josh Dolling,,New Mexico United,4,2023,UDA Soccer,None,Right,Medium,Fast,2,0,Goal
Josh Dolling,,Creighton Bluejays,3,2021,Missouri State Bears,None,Right,Medium,Fast,5,0,Save
Greg Hurst,,Phoenix Rising,5,2022,Sacramento Republic,None,Right,Medium,Fast,3,0,Save
Greg Hurst,,Union Omaha,10,2021,Forward Madison,None,Right,Medium,Fast,2,1,Goal
Greg Hurst,,Chattanooga Red Wolves,10,2020,Forward Madison,None,Right,Medium,Fast,2,0,Goal
Greg Hurst,,Chattanooga Red Wolves,10,2020,North Texas,None,Right,Medium,Medium,3,0,Goal
Chris Wehan,,New Mexico United,4,2022,Phoenix Rising,None,Right,Fast,Medium,3,1,Save
Chris Wehan,,New Mexico United,4,2022,Las Vegas Legends,None,Right,Fast,Fast,2,0,Goal
Chris Wehan,,New Mexico United,10,2021,Real Monarchs,None,Right,Fast,Fast,9,0,Goal
Chris Wehan,,New Mexico United,10,2021,El Paso Locomotive,None,Right,Fast,Fast,3,2,Goal
Chris Wehan,,New Mexico United,7,2020,El Paso Locomotive,None,Right,Fast,Fast,3,0,Save
Chris Wehan,,New Mexico United,8,2019,LA Galaxy II,None,Right,Fast,Fast,3,1,Save
Chris Wehan,,New Mexico United,6,2019,Colorado Rapids,None,Right,Fast,Fast,2,2,Goal
Chris Wehan,,New Mexico United,5,2019,Phoenix Rising,None,Right,Fast,Medium,2,0,Goal
Chris Wehan,,Reno 1868,10,2017,Orange County SC,None,Right,Medium,Medium,9,0,Goal
Justin Portillo,,New Mexico United,4,2023,UDA Soccer,None,Right,Fast,Fast,9,0,Goal
Justin Portillo,,New Mexico United,3,2023,Miami FC,None,Right,Medium,Fast,2,1,Goal
Justin Portillo,,New Mexico United,10,2022,LA Galaxy II,None,Right,Medium,Medium,9,0,Goal
Justin Portillo,,New Mexico United,10,2022,San Diego Loyal,None,Right,Medium,Fast,6,1,Goal
Justin Portillo,,New Mexico United,8,2022,New York Red Bulls II,None,Right,Medium,Medium,3,0,Save
Justin Portillo,,New Mexico United,7,2022,FC Tulsa,None,Right,Medium,Medium,2,0,Goal
Justin Portillo,,New Mexico United,7,2022,Rio Grande Valley,None,Right,Medium,Medium,9,0,Goal
Justin Portillo,,New Mexico United,6,2022,Orange County SC,None,Right,Medium,Medium,2,0,Goal
Justin Portillo,,New Mexico United,5,2022,Phoenix Rising,None,Right,Medium,Medium,3,0,Goal
Justin Portillo,,New Mexico United,5,2022,Phoenix Rising,None,Right,Medium,Fast,9,0,Goal
Justin Portillo,,Real Monarchs,8,2018,Tulsa Roughnecks,None,Right,Slow,Fast,9,2,Goal
Justin Portillo,,Charleston Battery,7,2017,Louisville City,None,Right,Medium,Medium,2,0,Goal
Justin Portillo,,Charleston Battery,6,2017,Richmond Kickers,None,Right,Medium,Medium,8,0,Goal
Justin Portillo,,Charleston Battery,3,2017,FC Cincinnati,None,Right,Medium,Fast,3,0,Save
Justin Portillo,,Charleston Battery,4,2016,Rochester Rhinos,None,Right,Medium,Fast,2,0,Goal
Justin Portillo,,Charleston Battery,6,2016,Harrisburg City Islanders,None,Right,Medium,Medium,8,0,Goal
Justin Portillo,,Charleston Battery,6,2016,Orlando City SC,None,Right,Slow,Medium,2,0,Goal
Justin Portillo,,Charleston Battery,5,2016,Pittsburgh Riverhounds,None,Right,Slow,Fast,3,0,Goal
Justin Portillo,,Charleston Battery,4,2016,Charlotte Independence,None,Right,Slow,Medium,9,0,Goal
Justin Portillo,,Charleston Battery,8,2015,Richmond Kickers,None,Right,Slow,Medium,8,0,Goal
Justin Portillo,,Charleston Battery,8,2015,Saint Louis FC,None,Right,Slow,Medium,9,0,Goal
Justin Portillo,,Charleston Battery,6,2015,Orlando City SC,None,Right,Medium,Medium,2,0,Goal
Justin Portillo,,Charleston Battery,5,2015,Wilmington Hammerheads,None,Right,Slow,Medium,2,0,Goal
Seku Conneh,,Monterey Bay FC,9,2022,Phoenix Rising,Ben Lundt,Right,Fast,Fast,4,4,Miss
Tarek Morad,,Oakland Roots,11,2021,Orange County SC,None,Right,Medium,Medium,9,0,Goal
Tarek Morad,,Louisville City,10,2017,Richmond Kickers,None,Right,Fast,Slow,3,1,Save
Bryan Tamacas,,El Salvador,6,2023,Martinique,None,Right,Slow,Fast,6,1,Goal
Bryan Tamacas,,Alianza,5,2022,Aguila,None,Right,Slow,Medium,3,1,Goal
Bryan Tamacas,,Alianza,5,2022,Firpo,None,Right,Slow,Medium,2,1,Goal
Bryan Tamacas,,Santa Telca,9,2017,Firpo,None,Right,Medium,Fast,9,0,Goal
Joseph Nane,,Oakland Roots,11,2021,Orange County SC,None,Left,Medium,Fast,9,2,Goal
Napo Matsoso,,Louisville City,10,2022,Pittsburgh Riverhounds,None,Right,Medium,Fast,8,1,Goal
Napo Matsoso,,Louisville City,4,2022,St. Louis City II,None,Right,Medium,Medium,9,0,Goal
Irakoze Donasiyano,,Virginia Cavaliers,10,2020,Virginia Tech,None,Right,Medium,Medium,7,0,Save
Anuar Pelaez,,Oakland Roots,8,2023,Colorado Springs,None,Right,Medium,Fast,9,0,Goal
Anuar Pelaez,,Hermanos Colmenares,6,2022,Mineros de Guayana,None,Right,Medium,Medium,4,1,Goal
Anuar Pelaez,,Hermanos Colmenares,3,2022,Academia Puerto Cabello,None,Right,Medium,Medium,2,0,Goal
Anuar Pelaez,,Hermanos Colmenares,11,2021,Portuguesa,None,Right,Medium,Medium,2,0,Goal
Anuar Pelaez,,Hermanos Colmenares,8,2021,Portuguesa,None,Right,Medium,Medium,9,0,Goal
Johnny Rodriguez,,Oakland Roots,9,2023,Las Vegas Lights,None,Right,Medium,Fast,2,0,Goal
Johnny Rodriguez,,Oakland Roots,7,2023,Monterey Bay FC,Antony Siaha,Right,Medium,Fast,9,1,Goal
Brent Richards,,Reno 1868,10,2020,Phoenix Rising,None,Right,Medium,Fast,6,2,Goal
Markus Nakkim,,Mjondalen,3,2022,Kongsvinger,None,Right,Medium,Fast,2,2,Goal
Markus Nakkim,,Mjondalen,5,2021,Sanderfjord,None,Right,Medium,Fast,6,0,Save
Markus Nakkim,,Mjondalen,9,2020,Sanderfjord,None,Right,Medium,Fast,3,0,Save
Markus Nakkim,,Mjondalen,7,2020,Stromsgodset,None,Right,Medium,Medium,2,0,Goal
Andrew Fox,,Stevenage,10,2016,Brighton U23,None,Left,Medium,Fast,2,2,Goal
Andrew Fox,,Peterborough United,2,2016,West Bromwich Albion,None,Left,Medium,Fast,2,0,Goal
Kevin Partida,,Reno 1868,10,2020,Las Vegas Lights,None,Right,Medium,Medium,2,0,Goal
Kevin Partida,,Reno 1868,9,2020,Sacramento Republic,None,Right,Medium,Medium,2,0,Goal
Seth Casiple,,Orange County SC,11,2021,San Antonio FC,None,Right,Medium,Fast,2,0,Goal
Seth Casiple,,Orange County SC,11,2021,Oakland Roots,None,Right,Medium,Medium,2,1,Goal
Seth Casiple,,Reno 1868,8,2018,Sacramento Republic,None,Right,Medium,Fast,2,1,Goal
Seth Casiple,,Reno 1868,7,2018,Seattle Sounders II,None,Right,Medium,Fast,2,0,Goal
Kyle Scott,,Telstar,10,2018,Helmond Sport,None,Right,Medium,Fast,2,1,Goal
Kyle Scott,,Chelsea U19,2,2016,Valencia U19,None,Right,Medium,Medium,2,0,Goal
Daniel Pedersen,,Orange County SC,5,2022,FC Tulsa,None,Right,Medium,Fast,2,0,Goal
Daniel Pedersen,,Lillestrom,11,2019,Ranheim,None,Right,Medium,Fast,2,0,Goal
Dillon Powers,,Orange County SC,11,2021,San Antonio FC,None,Right,Medium,Medium,2,2,Goal
Dillon Powers,,Orange County SC,11,2021,Oakland Roots,None,Right,Medium,Medium,2,0,Goal
Dillon Powers,,Orange County SC,10,2021,Oakland Roots,None,Right,Medium,Medium,4,0,Save
Dillon Powers,,Orlando City SC,7,2019,New York City FC,None,Right,Medium,Medium,4,2,Goal
Dillon Powers,,Colorado Rapids,6,2015,Real Salt Lake,None,Right,Medium,Medium,10,1,Miss
Dillon Powers,,Colorado Rapids,9,2014,Portland Timbers,None,Right,Medium,Medium,3,1,Goal
Dillon Powers,,Colorado Rapids,7,2014,Philadelphia Union,None,Right,Medium,Fast,8,2,Goal
Dillon Powers,,Colorado Rapids,6,2014,Atlanta Silverbacks,None,Right,Medium,Fast,2,2,Goal
Dillon Powers,,Colorado Rapids,5,2014,Montreal Impact,None,Right,Medium,Fast,4,0,Goal
Emil Nielsen,,Lyngby,4,2022,Fredericia,None,Right,Fast,Fast,4,0,Goal
Emil Nielsen,,Lyngby,3,2021,Horsens,None,Right,Medium,Medium,2,0,Goal
Emil Nielsen,,Lyngby,3,2021,Randers,None,Right,Medium,Fast,8,2,Goal
Emil Nielsen,,Lyngby,7,2020,Sonderjyske,None,Right,Fast,Fast,8,0,Save
Emil Nielsen,,Roskilde,5,2019,Fredericia,None,Right,Fast,Fast,2,0,Goal
Emil Nielsen,,Roskilde,5,2019,Viborg,None,Right,Medium,Fast,7,0,Goal
Emil Nielsen,,Roskilde,11,2018,Fredericia,None,Right,Medium,Fast,2,0,Goal
Emil Nielsen,,Roskilde,9,2019,Lyngby,None,Right,Medium,Fast,2,1,Goal
Marc McNulty,,Sunderland,10,2019,Oxford United,None,Right,Fast,Fast,7,0,Save
Thomas Amang,,Orange County SC,7,2023,Monterey Bay FC,None,Right,Medium,Fast,3,0,Goal
Thomas Amang,,Orange County SC,6,2023,FC Tulsa,None,Right,Medium,Fast,4,2,Goal
Milan Iloski,,Orange County SC,10,2023,Oakland Roots,None,Right,Medium,Fast,2,0,Goal
Milan Iloski,,Orange County SC,7,2023,Loudoun United,None,Right,Medium,Medium,2,0,Goal
Milan Iloski,,Orange County SC,6,2023,FC Tulsa,None,Right,Medium,Fast,7,0,Save
Milan Iloski,,Orange County SC,4,2023,Indy Eleven,None,Right,Medium,Medium,9,0,Goal
Milan Iloski,,Orange County SC,4,2023,Capo,None,Right,Medium,Medium,9,0,Goal
Milan Iloski,,Real Monarchs,7,2021,Las Vegas Lights,None,Right,Medium,Medium,9,0,Goal
Cameron Dunbar,,Minnesota United II,8,2023,LA Galaxy II,None,Right,Medium,Medium,2,0,Goal
Cameron Dunbar,,Minnesota United,5,2023,Philadelphia Union,None,Right,Medium,Medium,7,0,Goal
Cameron Dunbar,,LA Galaxy II,9,2022,El Paso Locomotive,None,Right,Fast,Fast,9,2,Goal
Cameron Dunbar,,LA Galaxy II,7,2022,Colorado Springs,None,Right,Medium,Slow,3,0,Goal
Cameron Dunbar,,LA Galaxy II,7,2022,San Diego Loyal,None,Right,Fast,Medium,2,0,Goal
Kevin Lankford,,St. Pauli,8,2019,Lubeck,None,Right,Medium,Medium,9,1,Goal
Darnell King,,Phoenix Rising,10,2020,Reno 1868,None,Right,Fast,Medium,2,0,Goal
Daniel Krutzen,,Forge,9,2021,Independiente,None,Left,Medium,Medium,2,0,Save
Daniel Krutzen,,Forge,8,2021,Atletico Ottawa,None,Left,Medium,Medium,3,0,Goal
Daniel Krutzen,,Forge,12,2020,Arcahaie,None,Left,Medium,Medium,9,0,Goal
Daniel Krutzen,,Forge,12,2020,Arcahaie,None,Left,Medium,Medium,3,0,Save
Daniel Krutzen,,Forge,11,2020,Tauro,None,Left,Medium,Medium,2,0,Goal
Daniel Krutzen,,Forge,9,2020,Pacific FC,None,Left,Medium,Medium,3,0,Goal
Babouccar Njie,,Rio Grande Valley,11,2021,Phoenix Rising,None,Left,Medium,Fast,9,0,Goal
Kevon Lambert,,Phoenix Rising,10,2019,Austin Bold,None,Right,Medium,Medium,3,0,Save
Kevon Lambert,,Phoenix Rising,10,2017,Swope Park Rangers,None,Right,Medium,Medium,7,0,Save
Jose Hernandez,,Oakland Roots,9,2021,San Diego Loyal,None,Right,Medium,Medium,9,0,Goal
Renzo Zambrano,,Pyunik,8,2022,Sheriff,None,Right,Medium,Medium,6,0,Save
Renzo Zambrano,,Portland Timbers II,4,2019,OKC Energy,None,Right,Medium,Medium,8,3,Miss
Renzo Zambrano,,Portland Timbers II,5,2018,Real Monarchs,None,Right,Medium,Medium,8,2,Miss
Manuel Arteaga,,Indy Eleven,9,2021,OKC Energy,None,Right,Slow,Fast,8,0,Save
Manuel Arteaga,,Indy Eleven,8,2021,Real Monarchs,None,Right,Slow,Fast,9,0,Goal
Manuel Arteaga,,Zamora,2,2020,Trujillanos,None,Right,Slow,Fast,9,2,Goal
Manuel Arteaga,,Deportivo La Guaira,4,2018,Caracas,None,Right,Slow,Medium,6,1,Goal
Manuel Arteaga,,Deportivo La Guaira,4,2018,Trujillanos,None,Right,Slow,Medium,6,0,Save
Manuel Arteaga,,Deportivo La Guaira,3,2018,Estudiantes de Caracas,None,Right,Slow,Fast,9,0,Goal
Federico Varela,,Rayo Majadahonda,10,2018,Sporting Gijon,None,Right,Slow,Medium,9,0,Save
Federico Varela,,Porto II,8,2017,Desportivo Aves,None,Right,Medium,Fast,2,0,Save
Federico Varela,,Porto II,8,2016,Academico Viseu,None,Right,Medium,Medium,2,0,Goal
Emil Cuello,,San Antonio FC,8,2021,Austin Bold,None,Left,Fast,Slow,5,1,Goal
Emil Cuello,,LA Galaxy  ,7,2019,Tijuana,None,Left,Medium,Fast,7,1,Save
Dariusz Formella,,Oakland Roots,5,2023,Birmingham Legion,None,Right,Medium,Fast,2,0,Goal
Dariusz Formella,,Oakland Roots,5,2023,Birmingham Legion,None,Right,Medium,Fast,7,0,Save
Dariusz Formella,,Oakland Roots,4,2023,Hartford Athletic,None,Right,Medium,Fast,2,1,Goal
Dariusz Formella,,Sacramento Republic,9,2021,El Paso Locomotive,None,Right,Medium,Fast,10,0,Miss
Dariusz Formella,,Sacramento Republic,8,2021,New York Red Bulls II,None,Right,Medium,Medium,7,0,Save
Dariusz Formella,,Sacramento Republic,7,2020,Tacoma Defiance,None,Right,Medium,Medium,8,1,Goal
Danny Trejo,,Phoenix Rising,6,2023,Louisville City,None,Right,Medium,Medium,4,0,Save
Manuel Arteaga,,Phoenix Rising,6,2023,Louisville City,None,Right,Slow,Fast,2,0,Goal
Nathan Dossantos,,Marshall Thundering Herd,5,2021,Clemson Tigers,None,Left,Medium,Fast,3,0,Goal
Joseph Farrell,,Phoenix Rising,11,2021,Rio Grande Valley,None,Right,Medium,Medium,9,1,Goal
Joseph Farrell,,Phoenix Rising,10,2020,El Paso Locomotive,None,Right,Medium,Medium,3,0,Goal
Joseph Farrell,,Phoenix Rising,10,2020,Reno 1868,None,Right,Medium,Medium,7,0,Goal
Joseph Farrell,,Phoenix Rising,10,2019,Austin Bold,None,Right,Medium,Medium,3,2,Goal
Joseph Farrell,,Rochester Rhinos,10,2016,New York Red Bulls II,None,Right,Medium,Medium,2,0,Goal
Arturo Ordonez,,Pittsburgh Riverhounds,10,2022,Birmingham Legion,None,Right,Medium,Fast,3,2,Goal
Junior Etou,,Charlotte independence,6,2021,Tampa Bay Rowdies,None,Left,Fast,Medium,9,0,Goal
Robbie Mertz,,Pittsburgh Riverhounds,8,2020,Indy Eleven,None,Right,Fast,Fast,2,0,Save
Robbie Mertz,,Pittsburgh Riverhounds,8,2020,New York Red Bulls II,None,Right,Fast,Medium,9,0,Goal
Robbie Mertz,,Pittsburgh Riverhounds,10,2019,Birmingham Legion,None,Right,Medium,Fast,2,0,Goal
Marc Ybarra,,Pittsburgh Riverhounds,10,2022,Birmingham Legion,None,Right,Medium,Slow,3,0,Goal
Marc Ybarra,,Michigan Wolverines,10,2021,Penn State,None,Right,Medium,Medium,8,0,Goal
Marc Ybarra,,Michigan Wolverines,9,2021,Loyola Chicago,None,Right,Fast,Medium,6,2,Goal
Marc Ybarra,,Michigan Wolverines,4,2021,Wisconsin Badgers,None,Right,Medium,Medium,8,0,Goal
Marc Ybarra,,Michigan Wolverines,11,2019,Indiana Hoosiers,None,Right,Medium,Fast,9,0,Goal
Trevor Zwetsloot,,Kaiserslautern U19,1,2018,Werder Bremen U19,None,Right,Medium,Medium,2,1,Goal
Trevor Zwetsloot,,Kaiserslautern U19,1,2018,Werder Bremen U19,None,Right,Medium,Fast,9,2,Goal
Kenardo Forbes,,Pittsburgh Riverhounds,10,2022,Louisville City,None,Right,Medium,Fast,3,2,Goal
Kenardo Forbes,,Pittsburgh Riverhounds,7,2019,North Carolina FC,None,Right,Medium,Fast,3,0,Save
Kenardo Forbes,,Pittsburgh Riverhounds,10,2018,Bethlehem Steel,None,Right,Medium,Medium,3,0,Goal
Kenardo Forbes,,Pittsburgh Riverhounds,10,2018,New York Red Bulls II,None,Right,Medium,Medium,7,0,Save
Kenardo Forbes,,Pittsburgh Riverhounds,9,2018,Indy Eleven,None,Right,Slow,Fast,2,0,Goal
Kenardo Forbes,,Pittsburgh Riverhounds,9,2018,Louisville City,None,Right,Medium,Medium,9,1,Goal
Kenardo Forbes,,Rochester Rhinos,4,2017,Charlotte Independence,None,Right,Medium,Medium,6,2,Goal
Albert Dikwa,,Pittsburgh Riverhounds,3,2023,Memphis 901,None,Right,Medium,Fast,9,0,Goal
Albert Dikwa,,Pittsburgh Riverhounds,10,2022,Louisville City,None,Right,Medium,Medium,2,0,Goal
Albert Dikwa,,Pittsburgh Riverhounds,10,2022,Birmingham Legion,None,Right,Medium,Fast,9,2,Goal
Edward Kizza,,Pittsburgh Riverhounds,10,2022,Birmingham Legion,None,Right,Medium,Medium,9,1,Goal
Tola Showunmi,,New Hampshire Wildcats,11,2022,FIU Panthers,None,Right,Medium,Medium,9,0,Goal
Tola Showunmi,,New Hampshire Wildcats,11,2022,UMASS Lowell River Hawks,None,Right,Medium,Fast,5,1,Goal
Tola Showunmi,,New Hampshire Wildcats,9,2022,Harvard Crimson,None,Right,Medium,Medium,3,3,Miss
Tola Showunmi,,New Hampshire Wildcats,10,2021,Vermont Catamouts,None,Right,Fast,Fast,8,0,Goal
Erick Pimentel,,Rio Grande Valley,10,2022,Monterey Bay FC,Carlos Herrera,Right,Medium,Medium,3,1,Save
Erick Pimentel,,Rio Grande Valley,11,2021,Phoenix Rising,None,Right,Medium,Medium,2,1,Goal
Wilmer Cabrera,,Butler Bulldogs,9,2022,University of Connecticut,None,Right,Medium,Medium,3,0,Save
Wilmer Cabrera,,Butler Bulldogs,8,2022,Western Michigan Broncos,None,Right,Medium,Medium,2,0,Goal
Wilmer Cabrera,,Butler Bulldogs,8,2021,Oakland Golden Grizzlies,None,Right,Medium,Fast,5,4,Miss
Wilmer Cabrera,,Butler Bulldogs,2,2021,Southern Illinois University,None,Right,Medium,Fast,8,0,Save
Wilmer Cabrera,,Butler Bulldogs,2,2021,Southern Illinois University,None,Right,Medium,Fast,1,0,Miss
Wilmer Cabrera,,Rio Grande Valley,4,2019,Las Vegas Lights,None,Right,Fast,Medium,7,0,Goal
Taylor Davila,,LA Galaxy II,5,2022,San Diego Loyal,None,Left ,Medium,Fast,3,1,Goal
Taylor Davila,,LA Galaxy II,5,2022,Louisville City,None,Left,Medium,Fast,9,1,Goal
Taylor Davila,,LA Galaxy II,9,2021,Oakland Roots,None,Left,Medium,Fast,9,0,Goal
Taylor Davila,,Rio Grande Valley,4,2023,South Georgia Tormenta,None,Left,Medium,Medium,9,0,Save
Ian Cerro,,University of Chattanooga,5,2022,Maryland Bobcats,None,Left,Medium,Fast,9,0,Save
Juan Galindrez,,Chattanooga Red Wolves,10,2022,South Georgia Tormenta,None,Right,Medium,Fast,3,0,Save
Juan Galindrez,,Chattanooga Red Wolves,7,2022,North Carolina FC,None,Right,Medium,Slow,7,0,Goal
Juan Galindrez,,Chattanooga Red Wolves,6,2022,Charlotte Independence,None,Right,Medium,Medium,2,0,Goal
Juan Galindrez,,Chattanooga Red Wolves,5,2022,Central Valley Fuego,None,Right,Medium,Fast,2,0,Goal
Christiano Francois,,Miami FC,10,2021,Loudoun United,None,Right,Fast,Fast,3,0,Goal
Christiano Francois,,Reno 1868,7,2020,Portland Timbers II,None,Right,Fast,Fast,2,3,Goal
Christiano Francois,,Pittsburgh Riverhounds,10,2018,Bethlehem Steel,None,Right,Fast,Fast,9,0,Goal
Frank Lopez,,Rio Grande Valley,5,2022,San Diego Loyal,None,Right,Fast,Fast,8,1,Save
Frank Lopez,,Rio Grande Valley,4,2022,Houston Dynamo,None,Right,Fast,Fast,8,1,Save
Frank Lopez,,San Antonio FC,10,2019,Las Vegas Lights,None,Right,Fast,Fast,8,0,Goal
Frank Lopez,,LA Galaxy II,6,2019,Reno 1868,None,Right,Medium,Fast,8,0,Goal
Frank Lopez,,LA Galaxy II,9,2018,OKC Energy,None,Right,Fast,Fast,9,0,Goal
Damia Viader,Sacramento Republic,Sacramento Republic,7,2022,Sporting Kansas City,John Pulskamp,Left,Slow,Fast,9,2,Goal
Damia Viader,Sacramento Republic,Union Omaha,9,2021,FC Tuscon,Wallis Lapsley,Left,Slow,Fast,9,0,Miss
Damia Viader,Sacramento Republic,Union Omaha,9,2021,North Carolina FC,Jake McGuire,Left,Slow,Fast,9,0,Goal
Dan Casey,,Bohemians,8,2020,Fehervar,Adam Kovacsik,Right,Medium,Fast,2,0,Miss
Luis Felipe Fernandes,Sacramento Republic,Sacramento Republic,7,2022,Sporting Kansas City,John Pulskamp,Right,Medium,Medium,3,1,Goal
Matt LaGrassa,,Nashville SC,5,2019,Charleston Battery,Connor Sparrow,Right,Fast,Fast,8,1,Save
Matt LaGrassa,,Nashville SC,10,2018,FC Cincinnatti,Spencer Richey,Right ,Medium,Fast,9,1,Goal
Matt LaGrassa,,Nashville SC,10,2018,Toronto FC II,Caleb Patterson-Sewell,Right,Slow,Fast,3,1,Save
Rodrigo Lopez,Sacramento Republic,Sacramento Republic,10,2022,Pittsburgh Riverhounds,None,Right,Slow,Medium,3,0,Goal
Rodrigo Lopez,Sacramento Republic,Sacramento Republic,8,2022,Colorado Springs Switchbacks,None,Right,Medium,Medium,2,0,Save
Rodrigo Lopez,Sacramento Republic,Sacramento Republic,7,2022,Sporting Kansas City,None,Right,Medium,Medium,6,0,Goal
Rodrigo Lopez,Sacramento Republic,Sacramento Republic,5,2022,New Mexico United,None,Right,Medium,Medium,6,3,Miss
Rodrigo Lopez,Sacramento Republic,Sacramento Republic,4,2022,Central Valley Fuego,None,Right,Medium,Medium,4,0,Goal
Rodrigo Lopez,Sacramento Republic,Sacramento Republic,4,2022,Monterey Bay FC,Dallas Jaye,Right,Medium,Fast,8,1,Goal
Rodrigo Lopez,Sacramento Republic,Sacramento Republic,3,2022,El Paso Locomotive,None,Right,Medium,Medium,8,2,Goal
Rodrigo Lopez,Sacramento Republic,Rio Grande Valley,11,2021,Phoenix Rising,None,Right,Medium,Fast,8,1,Save
Rodrigo Lopez,Sacramento Republic,Rio Grande Valley,10,2021,El Paso Locomotive,None,Right,Medium,Medium,2,0,Goal
Rodrigo Lopez,Sacramento Republic,Rio Grande Valley,7,2021,Orange County SC,None,Right,Medium,Fast,9,0,Goal
Rodrigo Lopez,Sacramento Republic,Celaya,7,2018,Dorados,None,Right,Medium,Fast,4,0,Save
Rodrigo Lopez,Sacramento Republic,Celaya,3,2017,Toluca,None,Right,Medium,Medium,2,0,Goal
Rodrigo Lopez,Sacramento Republic,Celaya,3,2016,Necaxa,None,Right,Fast,Fast,4,0,Goal
Rodrigo Lopez,Sacramento Republic,Sacramento Republic,6,2015,San Jose Earthquakes,None,Right,Medium,Fast,7,2,Goal
Nick Ross,Sacramento Republic,El Paso Locomotive,10,2020,Phoenix Rising,None,Right,Fast,Fast,4,1,Save
Nick Ross,Sacramento Republic,El Paso Locomotive,10,2020,New Mexico United,None,Right,Medium,Medium,3,1,Goal
Nick Ross,Sacramento Republic,El Paso Locomotive,10,2020,FC Tulsa,None,Right,Medium,Fast,3,1,Goal
Luther Archimede,,Sacramento Republic,7,2022,Sporting Kansas City,None,Right,Medium,Medium,8,1,Goal
Luther Archimede,,Sacramento Republic,6,2022,LA Galaxy II,None,Right,Medium,Medium,9,0,Goal
Luther Archimede,,Sacramento Republic,4,2022,Monterey Bay FC,Dallas Jaye,Right,Medium,Medium,2,0,Goal
Luther Archimede,,Syracuse Orange,10,2020,Louisville Cardinals,None,Right,Medium,Medium,8,0,Save
Luther Archimede,,Guadalupe U20,11,2018,Dominica U20,None,Right,Medium,Fast,7,0,Goal
Douglas Martinez,,Sacramento Republic,8,2022,Las Vegas Lights,None,Right,Medium,Medium,3,1,Goal
Douglas Martinez,,Sacramento Republic,3,2022,FC Tulsa,None,Right,Medium,Medium,9,0,Goal
Douglas Martinez,,Honduras U22,8,2019,Mexico U22,None,Right,Medium,Fast,9,0,Goal
Douglas Martinez,,New York Red Bulls II,11,2017,Louisville City,None,Right,Medium,Fast,9,0,Goal
Douglas Martinez,,Honduras U22,3,2017,United States U20,None,Right,Medium,Fast,8,2,Goal
Zeiko Lewis,,Charleston Battery,7,2021,Loudoun United,None,Left,Slow,Medium,2,0,Goal
Zeiko Lewis,,Charleston Battery,3,2020,Atlanta United II,None,Left,Slow,Fast,8,1,Goal
Zeiko Lewis,,Charleston Battery,10,2019,Nashville SC,None,Left,Slow,Fast,2,0,Goal
Zeiko Lewis,,Charleston Battery,10,2019,Ottawa Fury,None,Left,Slow,Medium,8,0,Goal
Zeiko Lewis,,Charleston Battery,5,2019,Nashville SC,None,Left,Slow,Medium,3,1,Goal
Zeiko Lewis,,Charleston Battery,5,2019,Pittsburgh Riverhounds,None,Left,Slow,Medium,9,0,Goal
Deshorn Brown,,OKC Energy,9,2019,San Antonio FC,None,Right,Fast,Fast,2,1,Goal
Deshorn Brown,,OKC Energy,7,2019,El Paso Locomotive,None,Right,Fast,Medium,7,0,Save
Deshorn Brown,,OKC Energy,6,2019,San Antonio FC,None,Right,Medium,Fast,4,0,Save
Deshorn Brown,,Colorado Rapids,3,2014,Portland Timbers,None,Right,Medium,Medium,4,0,Save
Deshorn Brown,,Colorado Rapids,8,2013,Chivas,None,Right,Medium,Medium,3,0,Save
Deshorn Brown,,Colorado Rapids,4,2013,Chivas,None,Right,Medium,Medium,2,0,Goal
Sebastian Herrera,Sacramento Republic,Cortulua,10,2022,La Equidad,None,Right,Medium,Fast,3,2,Miss
Sebastian Herrera,Sacramento Republic,Deportivo Pasto,1,2021,America de Cali,None,Right,Medium,Medium,4,4,Miss
Sebastian Herrera,Sacramento Republic,Macara,11,2020,Mushuc Runa,None,Right,Medium,Fast,4,1,Save
Sebastian Herrera,Sacramento Republic,Macara,10,2020,Universidad Catolica,None,Right,Slow,Fast,7,1,Goal
Sebastian Herrera,Sacramento Republic,Macara,9,2020,El Nacional,None,Right,Medium,Fast,4,1,Goal
Sebastian Herrera,Sacramento Republic,Cortulua,11,2019,Deportivo Pereira,None,Right,Medium,Medium,3,0,Goal
Sebastian Herrera,Sacramento Republic,Cortulua,6,2019,Deportivo Pereira,None,Right,Slow,Fast,8,1,Save
Sebastian Herrera,Sacramento Republic,Cortulua,2,2019,Tigres,None,Right,Slow,Medium,9,1,Goal
Sebastian Herrera,Sacramento Republic,Atletico Huila,9,2018,Leones,None,Right,Medium,Medium,3,0,Goal
Sebastian Herrera,Sacramento Republic,Atletico Huila,8,2018,Once Caldas,None,Right,Medium,Slow,2,1,Goal
Russell Cicerone,Sacramento Republic,Pittsburgh Riverhounds,10,2022,Birmingham Legion,None,Right,Slow,Medium,3,1,Save
Russell Cicerone,Sacramento Republic,Pittsburgh Riverhounds,10,2021,Tampa Bay Rowdies,None,Right,Medium,Medium,9,0,Goal
Russell Cicerone,Sacramento Republic,Pittsburgh Riverhounds,8,2021,Hartford Athletic,None,Right,Medium,Fast,2,0,Goal
Russell Cicerone,Sacramento Republic,Pittsburgh Riverhounds,8,2021,Atlanta United II,None,Right,Medium,Fast,2,0,Save
Russell Cicerone,Sacramento Republic,Pittsburgh Riverhounds,8,2021,Charleston Battery,None,Right,Medium,Medium,3,0,Goal
Russell Cicerone,Sacramento Republic,Pittsburgh Riverhounds,6,2021,Loudoun United,None,Right,Medium,Medium,9,0,Goal
Russell Cicerone,Sacramento Republic,Saint Louis FC,5,2019,Des Moines Menace,None,Right,Medium,Medium,4,0,Goal
Sebastian Herrera,Sacramento Republic,Sacramento Republic,5,2023,Hartford Athletic,None,Right,Medium,Fast,8,1,Goal
Keko Gontan,,Sacramento Republic,4,2023,Louisville City,None,Right,Medium,Medium,9,0,Goal
Sebastian Herrera,Sacramento Republic,Sacramento Republic,6,2023,San Antonio FC,None,Right,Medium,Fast,2,0,Goal
Zico Bailey,,FC Cincinnatti II,8,2022,Orlando City B,None,Right,Medium,Fast,2,2,Goal
Lamar Batista,,Portland Timbers II,4,2018,OKC Energy,None,Left,Fast,Fast,9,1,Goal
Connor Maloney,,San Antonio FC,11,2021,Orange County SC,None,Right,Medium,Medium,3,0,Goal
Mitchell Taintor,,San Antonio FC,11,2022,Louisville City,None,Left,Fast,Fast,11,0,Miss
Mitchell Taintor,,San Antonio FC,5,2022,Miami FC,None,Left,Medium,Fast,6,1,Goal
Mitchell Taintor,,Toronto FC II,8,2017,Bethlehem Steel,None,Right,Fast,Medium,2,0,Goal
Saad Abdul-Salaam,,Sporting Kansas City,10,2015,Portland Timbers,None,Right,Fast,Medium,2,0,Miss
PC,,San Antonio FC,9,2022,Colorado Springs Switchbacks,None,Left,Medium,Medium,5,0,Save
PC,,San Antonio FC,5,2022,Detroit City,None,Left,Fast,Fast,3,1,Save
PC,,San Antonio FC,7,2021,Colorado Springs Switchbacks,None,Left,Fast,Fast,2,2,Goal
PC,,San Antonio FC,8,2020,OKC Energy,None,Left,Fast,Medium,2,0,Goal
PC,,Fort Lauterdale Strikers,6,2016,DC United,None,Left,Fast,Medium,3,0,Goal
PC,,Fort Lauterdale Strikers,6,2016,FC Edmonton,None,Left,Medium,Fast,5,0,Goal
PC,,Fort Lauterdale Strikers,8,2015,Indy Eleven,None,Left,Medium,Fast,8,1,Goal
Carter Manley,,Duke,11,2017,Fordham Rams,None,Right,Medium,Fast,3,0,Save
Mohammed Abu,,Columbus Crew,6,2018,Chicago Fire,None,Left,Fast,Fast,8,2,Goal
Justin Dhillon,El Paso Locomotive,San Antonio FC,7,2022,Atlanta United II,None,Right,Medium,Medium,3,3,Miss
Justin Dhillon,El Paso Locomotive,San Antonio FC,4,2022,New Mexico United,None,Right,Fast,Fast,5,1,Goal
Justin Dhillon,El Paso Locomotive,San Antonio FC,11,2021,Orange County SC,None,Right,Medium,Medium,2,0,Miss
Justin Dhillon,El Paso Locomotive,Tacoma Defiance,9,2019,Reno 1868,None,Right,Medium,Medium,7,0,Save
Justin Dhillon,El Paso Locomotive,LA Galaxy II,7,2018,Portland Timbers II,None,Right,Medium,Fast,7,0,Save
Ignacio Bailone,,San Antonio FC,8,2020,Rio Grande Valley,Paul Blanchette,Left,Medium,Medium,3,0,Save
Ignacio Bailone,,Instituto,12,2017,Quilmes,None,Left,Medium,Medium,2,0,Goal
Ignacio Bailone,,Estudiantes,9,2016,Union Santa Fe,None,Left,Medium,Fast,2,0,Save
Juan Azocar,,Deportivo La Guaira,6,2017,Caracas,None,Right,Medium,Medium,9,0,Miss
Juan Azocar,,Deportivo Tachira,11,2016,Zulia,None,Right,Medium,Fast,9,0,Goal
Kirmani Smith,,Loudoun United,8,2021,Charleston Battery,None,Left,Slow,Fast,8,1,Save
Niko Hansen,,Columbus Crew,11,2018,DC United,None,Right,,,,,Goal
Niko Hansen,,Atlanta United,10,2017,Atlanta United  ,None,Right,,,,,Goal
Isaiah Parker,,North Texas SC,4,2022,Tacoma Defiance,None,Left,Medium,Medium,9,0,Goal
Ismaila Jome,,North Texas SC,8,2022,Portland Timbers II,None,Left,Fast,Fast,8,1,Goal
Jorge Hernandez,,San Antonio FC,4,2023,Las Vegas Lights,None,Left,Fast,Fast,3,1,Save
Jorge Hernandez,,Chornomorets,2,2022,Polessya,None,Left,Medium,Fast,2,1,Goal
Jorge Hernandez,,LA Galaxy II,9,2021,Sacramento Republic,None,Left,Medium,Slow,5,2,Goal
Jorge Hernandez,,LA Galaxy II,8,2021,Las Vegas Lights,None,Left,Medium,Fast,9,1,Goal
Tani Oluwaseyi,,Minnesota United II,8,2022,Real Monarchs,None,Left,Medium,Fast,8,0,Goal
Tani Oluwaseyi,,Minnesota United II,5,2022,Houston Dynamo II,None,Left,Medium,Fast,9,0,Goal
Santiago Patino,,San Antonio FC,11,2022,Louisville City,None,Right,Medium,Fast,9,1,Goal
Santiago Patino,,San Antonio FC,7,2022,Atlanta United II,None,Right,Medium,Fast,6,1,Goal
Santiago Patino,,San Antonio FC,11,2021,Orange County SC,None,Right,Medium,Fast,7,0,Goal
Carlos Akapo,,Equatorial Guinea,1,2022,Mali,None,Right,Medium,Slow,6,1,Goal
Carlos Akapo,,Cadiz,8,2021,Atletico Madrid,None,Right,Fast,Medium,4,0,Goal
Carlos Akapo,,Cadiz,1,2021,Pontevedra,None,Right,Medium,Slow,2,1,Goal
Antonio Rodrigues,,Gremio,1,2020,Pelotas,None,Right,Slow,Fast,7,0,Save
Tommy Thompson,,Sacramento Republic,5,2016,Seattle Sounders II,None,Right,Fast,Fast,7,0,Save
Miguel Trauco,,Saint Etienne,5,2022,Auxerre,None,Left,Slow,Medium,3,0,Goal
Miguel Trauco,,Peru,7,2021,Paraguay,None,Left,Slow,Fast,9,0,Goal
Miguel Trauco,,Flamengo,1,2019,Ajax,None,Left,Medium,Medium,9,1,Goal
Miguel Trauco,,Peru,6,2016,Colombia,None,Left,Medium,Fast,5,0,Save
Tanner Beason,,San Jose Earthquakes,5,2022,Seattle Sounders  ,None,Left,Fast,Fast,2,0,Goal
Tanner Beason,,Stanford Cardinal,11,2019,Seattle Redhawks,None,Left,Fast,Medium,3,0,Goal
Niko Tsakiris,,United States U20,6,2022,St. Kitts and Nevis U20,None,Left,Medium,Medium,9,0,Goal
Jamiro Monteiro,,San Jose Earthquakes,5,2022,Seattle Sounders,None,Right,Fast,Medium,9,1,Goal
Jamiro Monteiro,,Philadelphia Union,9,2021,America,None,Right,Fast,Fast,8,1,Save
Jamiro Monteiro,,Philadelphia Union,4,2021,Deportivo Saprissa,None,Right,Fast,Fast,5,1,Goal
Jamiro Monteiro,,Philadelphia Union,11,2020,Columbus Crew,None,Right,Fast,Fast,7,1,Goal
Jamiro Monteiro,,Philadelphia Union,6,2020,New York Red Bulls  ,None,Right,Fast,Fast,6,0,Save
Jamiro Monteiro,,Philadelphia Union,6,2019,Minnesota United,None,Right,Fast,Fast,9,0,Goal
Jamiro Monteiro,,Philadelphia Union,4,2019,Montreal Impact,None,Right,Medium,Fast,8,0,Goal
Jackson Yueill,,San Jose Earthquakes,5,2022,Seattle Sounders,None,Right,Medium,Fast,3,1,Save
Jackson Yueill,,San Jose Earthquakes,11,2020,Sporting Kansas City  ,None,Right,Medium,Fast,3,1,Save
Cristian Espinoza,,San Jose Earthquakes,4,2023,Houston Dynamo,None,Right,Slow,Fast,3,1,Goal
Cristian Espinoza,,San Jose Earthquakes,4,2023,Houston Dynamo,None,Right,Fast,Medium,7,0,Goal
Cristian Espinoza,,San Jose Earthquakes,9,2022,LA Galaxy  ,None,Right,Slow,Fast,9,1,Goal
Cristian Espinoza,,San Jose Earthquakes,7,2022,Real Salt Lake,None,Right,Medium,Fast,2,0,Goal
Cristian Espinoza,,San Jose Earthquakes,7,2022,LA Galaxy,None,Right,Medium,Fast,9,0,Goal
Cristian Espinoza,,San Jose Earthquakes,5,2022,Seattle Sounders,None,Right,Medium,Fast,2,0,Goal
Cristian Espinoza,,San Jose Earthquakes,4,2022,Seattle Sounders,None,Right,Medium,Medium,8,1,Goal
Cristian Espinoza,,San Jose Earthquakes,3,2022,Columbus Crew,None,Right,Slow,Fast,2,0,Goal
Cristian Espinoza,,San Jose Earthquakes,4,2021,FC Dallas,None,Right,Medium,Fast,4,0,Save
Cristian Espinoza,,San Jose Earthquakes,11,2020,Sporting Kansas City,None,Right,Medium,Fast,3,0,Save
Cristian Espinoza,,San Jose Earthquakes,6,2019,Sacramento Republic,None,Right,Medium,Fast,5,2,Goal
Cade Cowell,,United States U20,6,2022,St. Kitts and Nevis U20,None,Right,Medium,Fast,2,0,Goal
Cade Cowell,,San Jose Earthquakes,4,2022,Bay Cities FC,None,Right,Medium,Medium,2,0,Goal
Jeremy Ebobisse,,San Jose Earthquakes,4,2023,Sporting Kansas City,None,Left,Medium,Medium,9,0,Goal
Jeremy Ebobisse,,San Jose Earthquakes,9,2022,FC Dallas,None,Left,Medium,Medium,2,0,Goal
Jeremy Ebobisse,,San Jose Earthquakes,5,2022,Seattle Sounders,None,Left,Medium,Medium,2,0,Goal
Jeremy Ebobisse,,San Jose Earthquakes,4,2022,Austin FC,None,Left,Medium,Medium,2,0,Goal
Jeremy Ebobisse,,Portland Timbers  ,11,2020,FC Dallas,None,Left,Medium,Medium,9,0,Goal
Ousseni Bouda,,San Jose Earthquakes II,4,2022,Tacoma Defiance,None,Right,Medium,Medium,2,0,Goal
Will Richmond,,San Jose Earthquakes II,7,2022,North Texas SC,None,Right,Fast,Fast,9,0,Goal
Will Richmond,,San Jose Earthquakes II,7,2022,Houston Dynamo II,None,Right,Fast,Fast,2,0,Goal
Will Richmond,,San Jose Earthquakes II,5,2022,Saint Louis City II,None,Right,Fast,Fast,6,2,Goal
Will Richmond,,San Jose Earthquakes II,5,2022,Colorado Rapids II,None,Right,Fast,Fast,3,0,Goal
Forrest Lasso,,FC Cincinnatti,10,2018,Nashville SC,None,Left,Slow,Medium,5,2,Goal
Sebastian Dalgaard,,OKC Energy,7,2016,Orange County SC,None,Right,Fast,Fast,1,0,Miss
Charlie Dennis,,Tampa Bay Rowdies,5,2023,Rio Grande Valley,None,Left,Medium,Fast,7,2,Goal
Charlie Dennis,,Tampa Bay Rowdies,4,2023,Detroit City,None,Left,Medium,Medium,5,0,Goal
Charlie Dennis,,FC Tuscon,10,2021,Forward Madison,None,Left,Medium,Medium,5,1,Goal
Charlie Dennis,,FC Tuscon,9,2021,Union Omaha,None,Left,Medium,Fast,9,1,Goal
Charlie Dennis,,FC Tuscon,9,2021,Greenville Triumph,None,Left,Medium,Medium,5,1,Goal
Charlie Dennis,,FC Tuscon,8,2021,Fort Lauterdale,None,Left,Medium,Medium,9,0,Goal
Abel Caputo,,Inter Miami II,5,2023,Philadelphia Union II,None,Right,Medium,Medium,2,0,Save
Abel Caputo,,Inter Miami II,9,2022,Columbus Crew II,None,Right,Medium,Medium,2,0,Goal
Abel Caputo,,Inter Miami II,8,2022,Philadelphia Union II,None,Right,Medium,Fast,4,1,Save
Abel Caputo,,Inter Miami II,8,2022,FC Cincinnatti II,None,Right,Medium,Medium,2,0,Goal
Lewis Hilton,,Saint Louis FC,5,2019,Des Moines Menace,None,Right,Medium,Fast,6,2,Goal
Jerome Williams,,FC Tulsa,4,2022,Loudoun United,None,Right,Medium,Fast,3,0,Save
Felix Schroter,,Jerv,12,2021,Brann,None,Right,Medium,Fast,9,1,Goal
Lucky Mkosana,,Penn FC,8,2018,Richmond Kickers,None,Right,Fast,Fast,8,0,Goal
Lucky Mkosana,,Penn FC,6,2018,Richmond Kickers,None,Right,Fast,Fast,9,0,Goal
Lucky Mkosana,,Penn FC,7,2018,Indy Eleven,None,Right,Fast,Fast,9,1,Goal
Lucky Mkosana,,NY Cosmos,11,2017,Miami FC,None,Right,Fast,Medium,9,1,Goal
Ariel Martinez,,Hartford Athletic,9,2022,LA Galaxy II,None,Left,Medium,Medium,2,0,Goal
Ariel Martinez,,FC Tulsa,10,2022,El Paso Locomotive,None,Left,Fast,Fast,3,1,Save
Ariel Martinez,,FC Tulsa,8,2020,Rio Grande Valley,None,Left,Fast,Fast,3,0,Goal
Ariel Martinez,,Miami FC,11,2017,NY Cosmos,None,Left,Medium,Medium,2,1,Goal
Caleb Jennings,,Tampa Bay Rowdies,3,2023,Indy Eleven,None,Right,Medium,Fast,3,1,Save
Caleb Jennings,,Los Angeles FC,8,2022,America,None,Right,Medium,Fast,3,1,Goal
Caleb Jennings,,Las Vegas Lights,6,2022,Orange County SC,None,Right,Medium,Fast,2,0,Goal
Caleb Jennings,,Las Vegas Lights,6,2021,San Antonio FC,None,Right,Medium,Medium,2,0,Goal
Akeem Ward,,Oakland Roots,11,2021,Orange County SC,None,Right,Medium,Medium,7,0,Save
Jelani Peters,,Pittsburgh Riverhounds,10,2022,Birmingham Legion,None,Left,Medium,Medium,8,1,Goal
Aiden McFadden,,Atlanta United II,5,2023,Orlando City B,None,Right,Medium,Medium,2,0,Goal
Aaron Molloy,,Memphis 901,9,2023,Tampa Bay Rowdies,None,Right,Fast,Medium,6,2,Save
Aaron Molloy,,Memphis 901,6,2023,Miami FC,None,Right,Medium,Fast,2,0,Goal
Aaron Molloy,,Memphis 901,4,2023,Las Vegas Lights,None,Right,Fast,Fast,7,1,Save
Aaron Molloy,,Memphis 901,10,2022,Tampa Bay Rowdies,None,Right,Fast,Fast,3,0,Save
Aaron Molloy,,Memphis 901,10,2022,FC Tulsa,None,Right,Fast,Fast,2,0,Goal
Aaron Molloy,,Memphis 901,10,2022,New York Red Bulls II,None,Right,Medium,Medium,7,0,Goal
Aaron Molloy,,Memphis 901,6,2021,Forward Madison,None,Right,Fast,Medium,5,1,Goal
Bruno Lapa,,Memphis 901,6,2023,Miami FC,None,Right,Medium,Fast,3,0,Goal
Bruno Lapa,,Birmingham Legion,10,2022,Pittsburgh Riverhounds,None,Right,Medium,Medium,8,1,Save
Bruno Lapa,,Birmingham Legion,7,2022,Loudoun United,None,Right,Medium,Fast,2,0,Goal
Bruno Lapa,,Birmingham Legion,7,2022,Atlanta United II,None,Right,Medium,Fast,8,0,Save
Bruno Lapa,,Birmingham Legion,4,2022,Loudoun United,None,Right,Fast,Fast,3,1,Save
Bruno Lapa,,Birmingham Legion,5,2021,Atlanta United II,None,Right,Medium,Fast,9,0,Goal
Bruno Lapa,,Birmingham Legion,9,2021,Memphis 901,None,Right,Medium,Medium,2,0,Goal
Rodrigo Da Costa,,FC Tulsa,7,2021,Atlanta United II,None,Left,Slow,Medium,8,0,Save
Rodrigo Da Costa,,Tulsa Roughnecks,3,2019,Rio Grande Valley,None,Left,Medium,Medium,9,2,Goal
Dylan Borczak,,Oakland Golden Grizzlies,9,2021,Robert Morris Colonials,None,Right,Fast,Medium,6,0,Goal
Camden Riley,,Swope Park Rangers,6,2019,Charlotte Independence,None,Right,Medium,Fast,3,0,Save
Camden Riley,,Swope Park Rangers,5,2019,Memphis 901,None,Right,Medium,Fast,2,0,Goal
Carlos Guzman,,Tijauna,10,2017,Morelia,None,Right,Medium,Slow,7,3,Miss
Carlos Guzman,,Tijauna,3,2016,Necaxa,None,Right,Medium,Fast,9,2,Goal
Michael Chilaka,,Beitar Tel Aviv Bat Yam,5,2021,Hapoel Tel Aviv,None,Right,Medium,Fast,2,0,Goal
Joe Corona,,San Diego Loyal,8,2023,Memphis 901,None,Right,Medium,Fast,9,0,Save
Joe Corona,,San Diego Loyal,5,2023,Rio Grande Valley,None,Right,Medium,Fast,7,1,Goal
Joe Corona,,San Diego Loyal,5,2023,Orange County SC,None,Right,Medium,Fast,2,3,Goal
Joe Corona,,San Diego Loyal,4,2023,Seattle Sounders,None,Right,Medium,Medium,2,0,Goal
Joe Corona,,Club America,9,2018,Juarez,None,Right,Medium,Medium,2,1,Goal
Alejandro Guido,,San Diego Loyal,9,2022,Phoenix Rising,None,Right,Medium,Fast,7,0,Save
Alejandro Guido,,San Diego Loyal,9,2022,San Antonio FC,None,Right,Medium,Fast,4,0,Save
Alejandro Guido,,San Diego Loyal,6,2022,Orange County SC,None,Right,Medium,Medium,9,2,Goal
Charlie Adams,,San Diego Loyal,7,2023,Indy Eleven,None,Left,Medium,Medium,9,0,Goal
Charlie Adams,,San Diego Loyal,4,2023,FC Tulsa,None,Left,Medium,Slow,5,3,Miss
Charlie Adams,,San Diego Loyal,10,2022,New Mexico United,None,Left,Medium,Fast,8,0,Goal
Charlie Adams,,San Diego Loyal,8,2022,Monterey Bay FC,None,Left,Medium,Fast,7,1,Goal
Charlie Adams,,San Diego Loyal,10,2021,LA Galaxy II,None,Left,Medium,Medium,9,0,Goal
Blake Bodily,,Portland Timbers II,4,2022,Real Monarchs,None,Left,Medium,Medium,9,0,Goal
Blake Bodily,,Portland Timbers II,4,2022,Houston Dynamo II,None,Left,Medium,Medium,2,0,Goal
Blake Bodily,,Portland Timbers,11,2020,FC Dallas,None,Left,Medium,Fast,2,0,Goal
Ronaldo Damus,,San Diego Loyal,6,2023,Sacramento Republic,None,Right,Medium,Medium,9,1,Goal
Ronaldo Damus,,Orange County SC,11,2021,Oakland Roots,None,Right,Medium,Medium,2,0,Save
Ronaldo Damus,,Orange County SC,11,2021,Oakland Roots,None,Right,Medium,Medium,9,1,Goal
Ronaldo Damus,,North Texas SC,9,2020,FC Tuscon,None,Right,Medium,Medium,2,0,Goal
Ronaldo Damus,,North Texas SC,9,2019,Orlando City II,None,Right,Medium,Medium,3,0,Goal
Phanuel Kavita,,Birmingham Legion,10,2022,Pittsburgh Riverhounds,None ,Right,Medium,Fast,2,1,Goal
Alex Crognale,,Birmingham Legion,10,2022,Pittsburgh Riverhounds,None,Right,Fast,Medium,3,0,Save
Alex Crognale,,Columbus Crew,6,2018,Chicago Fire,None,Right,Medium,Medium,9,1,Goal
Jake Rufe,,Birmingham Legion,4,2023,Chattanooga FC,None,Right,Fast,Fast,7,1,Goal
Jake Rufe,,Pittsburgh Riverhounds,10,2022,Pittsburgh Riverhounds,None,Right,Fast,Medium,8,0,Goal
Gabriel Alves,,Birmingham Legion,4,2023,Chattanooga FC,None,Left,Slow,Fast,9,1,Goal
Gabriel Alves,,Marshall Thundering Herd,11,2022,Virginia Cavaliers,None,Left,Slow,Fast,9,2,Goal
Gabriel Alves,,Agua Santa U20,1,2019,Avai U20,None,Left,Medium,Medium,8,0,Goal
Collin Smith,,North Texas SC,8,2022,Portland Timbers II,None,Right,Medium,Medium,9,0,Goal
Collin Smith,,North Texas SC,5,2022,Tacoma Defiance,None,Right,Medium,Medium,7,0,Save
Collin Smith,,North Texas SC,4,2022,Tacoma Defiance,None,Right,Medium,Medium,9,1,Goal
Grayson Dupont,,Birmingham Legion,10,2022,Pittsburgh Riverhounds,None,Right,Medium,Fast,8,0,Save
Enzo Martinez,,Birmingham Legion,9,2023,Miami FC,None,Right,Medium,Fast,3,0,Save
Enzo Martinez,,Birmingham Legion,8,2023,Detroit City,None,Right,Medium,Fast,2,0,Goal
Enzo Martinez,,Birmingham Legion,4,2023,Chattanooga FC,None,Right,Fast,Fast,5,0,Goal
Enzo Martinez,,Birmingham Legion,10,2022,Pittsburgh Riverhounds,None,Right,Fast,Medium,2,0,Goal
Enzo Martinez,,Birmingham Legion,9,2022,Indy Eleven,None,Right,Fast,Fast,3,0,Save
Enzo Martinez,,Charlotte Independence,11,2021,Memphis 901,None,Right,Fast,Medium,3,0,Save
Enzo Martinez,,Charlotte Independence,10,2021,Charleston Battery,None,Right,Fast,Fast,2,1,Goal
Enzo Martinez,,Charlotte Independence,8,2020,Memphis 901,None,Right,Fast,Medium,8,0,Goal
Enzo Martinez,,Charlotte Independence,8,2020,Birmingham Legion,None,Right,Fast,Fast,3,0,Goal
Enzo Martinez,,Charlotte Independence,9,2019,Hartford Athletic,None,Right,Fast,Medium,3,1,Goal
Enzo Martinez,,Charlotte Independence,5,2019,Florida Soccer Soldiers,None,Right,Fast,Fast,2,1,Save
Enzo Martinez,,Colorado Rapids,7,2018,Boca Juniors,None,Right,Fast,Medium,2,0,Goal
Enzo Martinez,,Charlotte Independence,9,2017,Richmond Kickers,None,Right,Fast,Fast,4,0,Goal
Enzo Martinez,,Charlotte Independence,6,2017,Richmond Kickers,None,Right,Fast,Fast,2,0,Goal
Enzo Martinez,,Charlotte Independence,5,2017,Charlotte Eagles,None,Right,Fast,Fast,4,0,Goal
Enzo Martinez,,Charlotte Independence,8,2016,FC Cincinnatti,None,Right,Fast,Medium,6,0,Save
Enzo Martinez,,Charlotte Independence,6,2016,City Islanders,None,Right,Medium,Medium,7,0,Goal
Enzo Martinez,,Charlotte Independence,5,2016,FC Montreal,None,Right,Fast,Fast,3,3,Miss
Enzo Martinez,,Charlotte Independence,4,2016,Charleston Battery,None,Right,Fast,Fast,3,2,Goal
Mikey Lopez,,Birmingham Legion,10,2022,Pittsburgh Riverhounds,None,Right,Medium,Medium,2,0,Goal
Mikey Lopez,,San Antonio FC,7,2018,OKC Energy,None,Right,Medium,Medium,9,0,Goal
Tyler Freeman,,Huntsville City,5,2023,Chicago Fire II,None,Right,Medium,Fast,6,2,Goal
Tyler Freeman,,Huntsville City,4,2023,FC Cincinnatti II,None,Right,Medium,Fast,8,0,Goal
Tyler Freeman,,Loudoun United,8,2022,Atlanta United II,None,Right,Fast,Fast,2,1,Goal
Prosper Kasim,,Birmingham Legion,8,2022,Atlanta United II,None,Left,Medium,Medium,2,0,Goal
Prosper Kasim,,Birmingham Legion,7,2022,Loudoun United,None,Left,Slow,Medium,9,0,Goal
Prosper Kasim,,Birmingham Legion,9,2019,Atlanta United II,None,Left,Medium,Fast,2,1,Goal
Prosper Kasim,,Birmingham Legion,7,2019,Atlanta United II,None,Left,Medium,Medium,3,0,Goal
Tyler Pasher,,Birmingham Legion,4,2023,Chattanooga FC,None,Left,Fast,Fast,9,0,Goal
Tyler Pasher,,Indy Eleven,10,2020,Saint Louis FC,None,Left,Fast,Fast,9,1,Goal
Tyler Pasher,,Indy Eleven,9,2020,Louisville City,None,Left,Fast,Fast,7,2,Goal
Neco Brett,,Birmingham Legion,8,2023,Detroit City,None,Right,Fast,Fast,2,0,Goal
Neco Brett,,Birmingham Legion,8,2023,FC Tulsa,None,Right,Fast,Fast,2,0,Goal
Neco Brett,,Birmingham Legion,8,2021,FC Tulsa,None,Right,Fast,Fast,3,0,Goal
Neco Brett,,Birmingham Legion,7,2021,Atlanta United II,None,Right,Medium,Fast,2,0,Goal
Neco Brett,,Birmingham Legion,7,2021,Indy Eleven,None,Right,Medium,Fast,2,0,Goal
Neco Brett,,Birmingham Legion,5,2021,Louisville City,None,Right,Fast,Fast,9,1,Goal
Neco Brett,,Birmingham Legion,9,2020,North Carolina FC,None,Right,Fast,Fast,4,0,Save
Neco Brett,,Birmingham Legion,8,2020,Memphis 901,None,Right,Medium,Medium,8,0,Goal
Neco Brett,,Birmingham Legion,8,2020,North Carolina FC,None,Right,Medium,Fast,7,0,Goal
Neco Brett,,Pittsburgh Riverhounds,10,2019,Birmingham Legion,None,Right,Medium,Fast,2,0,Goal
Neco Brett,,Pittsburgh Riverhounds,10,2019,Atlanta United II,None,Right,Medium,Medium,8,0,Goal
Neco Brett,,Pittsburgh Riverhounds,6,2019,Ottawa Fury,None,Right,Medium,Fast,3,0,Save
Neco Brett,,Pittsburgh Riverhounds,4,2019,Hartford Athletic,None,Right,Medium,Medium,7,0,Goal
Neco Brett,,Pittsburgh Riverhounds,4,2019,Louisville City,None,Right,Medium,Fast,2,2,Goal
Neco Brett,,Pittsburgh Riverhounds,7,2018,Charleston Battery,None,Right,Medium,Medium,7,0,Save
Juan Agudelo,,Pittsburgh Riverhounds,4,2023,Chattanooga FC,None,Right,Medium,Medium,7,1,Save
Juan Agudelo,,Pittsburgh Riverhounds,9,2022,Miami FC,None,Right,Medium,Medium,8,0,Save
Juan Agudelo,,Pittsburgh Riverhounds,8,2022,New York Red Bulls II,None,Right,Medium,Medium,6,1,Goal
Juan Agudelo,,Pittsburgh Riverhounds,8,2022,Memphis 901,None,Right,Medium,Medium,5,1,Goal
Juan Agudelo,,Pittsburgh Riverhounds,4,2022,Hartford Athletic,None,Right,Medium,Medium,9,0,Goal
Trevor Amann,Sacramento Republic,Northern Colorado FC,10,2023,Forward Madison,None,Right,Medium,Medium,8,0,Goal
Trevor Amann,Sacramento Republic,Northern Colorado FC,9,2023,Central Valley Fuego,None,Right,Medium,Medium,2,1,Goal
Trevor Amann,Sacramento Republic,Northern Colorado FC,7,2023,Charlotte Independence,None,Right,Slow,Medium,9,2,Goal
Trevor Amann,Sacramento Republic,Northern Colorado FC,6,2023,One Knoxville,None,Right,Medium,Fast,3,0,Save
Trevor Amann,Sacramento Republic,Northern Colorado FC,5,2023,Central Valley Fuego,None,Right,Slow,Medium,8,0,Goal
Trevor Amann,Sacramento Republic,Northern Colorado FC,9,2022,North Carolina FC,None,Right,Medium,Fast,2,1,Goal
Brandan Craig,El Paso Locomotive,Philadelphia Union II,4,2023,Toronto FC II,None ,Right,Fast,Fast,3,2,Goal
Brandan Craig,El Paso Locomotive,Philadelphia Union II,4,2023,Chicago Fire II,None,Right,Fast,Fast,2,0,Goal
Brandan Craig,El Paso Locomotive,Philadelphia Union II,8,2022,Inter Miami II,None,Right,Medium,Fast,9,0,Goal
Tony Alfaro,El Paso Locomotive,Reno 1868,10,2020,Phoenix Rising,None,Left,Medium,Medium,2,1,Goal
Noah Dollenmayer,El Paso Locomotive,LAFC II,5,2023,Tacoma Defiance,None,Left,Fast,Slow,5,3,Miss
Petar Petrovic,El Paso Locomotive,Trelleborg,10,2021,Akropolis,None,Right,Medium,Fast,3,0,Goal
Petar Petrovic,El Paso Locomotive,Trelleborg,4,2021,Hammarby,None,Right,Medium,Fast,2,1,Goal
Eric Calvillo,El Paso Locomotive,El Paso Locomotive,7,2023,San Antonio FC,None,Right,Medium,Fast,2,1,Goal
Francisco Nevarez,El Paso Locomotive,FC Juarez U20,7,2021,Atlas U20,None,Right,Medium,Fast,2,0,Goal